,ID,Name,Serving_size-(g),Calories-(kcal),Water-(g/ml),Carbs-(g),Sugar-(g),Fiber-(g),Protein-(g),Of Which NonEssential-(g),Fat-(g),Of which UnHealthy-(g),Cholesterol-(mg)
0,328,granulated Sugars,100,387,0.02,99.98,99.8,0.0,0.0,0.0,0.0,0.0,0.0
1,435,turbinado Sugar,100,399,0.03,99.8,99.19,0.0,0.0,0.0,0.0,0.0,0.0
2,407,powdered Sugars,100,389,0.23,99.77,97.81,0.0,0.0,0.0,0.0,0.0,0.0
3,4293,for baking contains sugar and sucralose Sweeteners,100,398,0.43,99.53,47.05,0.0,0.0,0.0,0.0,0.0,0.0
4,2326,powder Strawberry-flavor beverage mix,100,389,0.4,99.1,95.45,0.0,0.1,0.0,0.2,0.0,0.0
5,1494,rennin vanilla dry mix Desserts,100,383,0.4,99.0,0.0,0.0,0.0,0.0,0.0,0.0,0.0
6,5376,orange-flavor drink breakfast type powder Beverages,100,386,0.14,98.94,92.31,0.4,0.0,0.0,0.0,0.0,0.0
7,2228,gumdrops starch jelly pieces Candies,100,396,1.0,98.9,58.97,0.1,0.0,0.0,0.0,0.0,0.0
8,4671,hard dietetic or low calorie (sorbitol) Candies,100,394,1.4,98.6,0.0,0.0,0.0,0.0,0.0,0.0,0.0
9,4688,tea instant lemon sweetened powder Beverages,100,401,0.13,98.55,95.29,0.7,0.12,0.0,0.73,0.097,0.0
10,5052,tea instant decaffeinated lemon sweetened Beverages,100,401,0.13,98.55,95.29,0.0,0.12,0.0,0.73,0.091,0.0
11,534,brown Sugars,100,380,1.34,98.09,97.02,0.0,0.12,0.0,0.0,0.0,0.0
12,541,hard Candies,100,394,1.3,98.0,62.9,0.0,0.0,0.0,0.2,0.0,0.0
13,3313,lemonade-flavor drink powder Beverages,100,380,0.52,97.9,97.15,0.0,0.0,0.0,1.01,0.183,0.0
14,5088,tea instant lemon with added ascorbic acid Beverages,100,385,0.3,97.6,0.0,0.0,0.6,0.073,0.3,0.037,0.0
15,942,Lemonade powder Beverages,100,376,1.43,97.57,94.7,0.4,0.0,0.0,1.05,0.151,0.0
16,2688,Whiskey sour mix powder Beverages,100,383,0.6,97.3,97.3,0.0,0.6,0.0,0.1,0.019,0.0
17,6021,for baking brown contains sugar and sucralose Sweeteners,100,388,2.44,97.11,45.66,0.0,0.0,0.0,0.0,0.0,0.0
18,620,Chewing gum,100,360,2.6,96.7,66.08,2.4,0.0,0.0,0.3,0.042,0.0
19,1652,lemon dry mix instant Puddings,100,378,0.7,95.4,0.0,0.0,0.0,0.0,0.7,0.1,0.0
20,3407,Italian spaghetti with meat sauce Restaurant,100,121,73.16,16.4,1.82,1.6,5.79,3.727,3.59,1.071,9.0
21,3788,salsa con queso cheese and salsa- medium Dip,100,143,73.72,11.14,1.95,0.7,3.14,0.0,9.51,2.5,9.0
22,3260,MARS SNACKFOOD US MILKY WAY Bar Candies,100,456,6.3,71.17,59.69,1.0,4.01,0.0,17.23,12.025,9.0
23,4700,cereal mixed prepared with whole milk Babyfood,100,96,79.21,12.3,4.78,0.8,4.14,2.611,3.38,1.754,9.0
24,2954,KRAFT BREAKSTONE'S FREE Fat Free Sour Cream,100,91,77.7,15.1,7.2,0.0,4.7,0.0,1.3,0.809,9.0
25,2800,cheese flavor dry mix unprepared Rice mix,100,362,8.74,73.88,5.26,1.8,8.77,0.0,3.51,1.763,9.0
26,5816,vanilla dry mix regular prepared with whole milk Puddings,100,113,74.49,18.92,17.09,0.1,2.8,0.0,2.9,1.652,9.0
27,4429,CHIPS DELUXE Chocolate Malt Chunk Cookies KEEBLER,100,537,2.7,61.8,31.6,1.7,4.7,0.0,30.4,13.809000000000001,9.0
28,3196,frozen unprepared GARDENBURGER Original,100,155,61.9,22.1,0.6,5.0,7.2,0.0,4.6,2.409,9.0
29,3949,MARS SNACKFOOD US SNICKERS CRUNCHER Candies,100,488,4.47,62.85,46.54,1.9,6.86,0.0,24.38,12.712,9.0
30,5940,tomato bisque canned prepared with equal volume milk Soup,100,79,81.51,11.73,0.0,0.2,2.51,1.526,2.63,1.259,9.0
31,4436,spaghetti with meat sauce CARRABBA'S ITALIAN GRILL,100,122,73.32,15.71,1.96,1.5,5.87,3.537,3.92,1.109,9.0
32,5137,KRAFT MIRACLE WHIP FREE Nonfat Dressing Salad dressing,100,84,78.7,15.5,10.3,1.9,0.2,0.0,2.7,0.609,9.0
33,4318,chocolate syrup prepared with whole milk Beverages,100,90,80.51,12.78,11.31,0.3,3.07,1.632,2.96,1.69,9.0
34,5367,CHIPS DELUXE Original Chocolate Chip Cookies KEEBLER,100,517,2.8,62.7,30.1,2.9,5.5,0.0,28.3,11.109,9.0
35,5316,frozen unprepared KASHI Mushroom & Asparagus Risotto,100,116,74.6,17.0,1.3,2.6,4.3,0.0,3.7,1.9089999999999998,9.0
36,2874,Cream of Chicken Soup condensed CAMPBELL'S,100,103,82.45,6.03,0.33,4.1,1.76,0.0,7.98,2.1189999999999998,9.0
37,2220,milk chocolate coated peanuts Candies,100,519,1.9,49.7,37.59,4.7,13.1,0.0,33.5,14.609,9.0
38,3447,rye sandwich-type with cheese filling Crackers,100,481,3.8,60.8,0.0,3.6,9.2,6.173,22.3,5.996,9.0
39,5526,chocolate dry mix regular prepared with whole milk Puddings,100,120,73.13,19.64,11.96,0.8,3.16,0.0,3.15,1.819,9.0
40,8346,ABBOTT NUTRITION SIMILAC SPECIAL CARE ADVANCE 24 with iron ready-to-feed with ARA and DHA Infant formula,100,71,85.61,8.73,8.3,0.0,1.8,0.0,3.26,2.122,2.0
41,1000,KIT KAT Wafer Bar Candies,100,518,1.63,64.59,48.68,1.0,6.51,3.79,25.99,17.964,11.0
42,7546,ABBOTT NUTRITION SIMILAC NATURAL CARE ADVANCE ready-to-feed with ARA and DHA Infant formula,100,78,85.07,8.2,8.2,0.0,2.12,0.0,4.24,2.546,2.0
43,668,Eggnog,100,88,82.54,8.05,8.05,0.0,4.55,2.539,4.19,2.6500000000000004,59.0
44,4381,cheese sandwich-type with cheese filling Crackers,100,490,4.81,58.76,12.33,1.9,8.92,5.078,24.41,4.816,6.0
45,5558,MEAD JOHNSON ENFAMIL with iron ready-to-feed Infant formula,100,63,88.0,7.2,7.18,0.0,1.38,0.0,3.5,1.47,1.0
46,5669,MEAD JOHNSON ENFAMIL low iron ready-to-feed Infant formula,100,63,88.0,7.18,7.18,0.0,1.38,0.0,3.5,1.48,1.0
47,8035,MEAD JOHNSON ENFAMIL LIPIL low iron ready to feed with ARA and DHA Infant formula,100,64,88.35,7.18,7.18,0.0,1.38,0.0,3.5,1.454,1.0
48,5706,boxed uncooked Macaroni and cheese dinner with dry sauce mix,100,379,8.05,70.12,9.61,3.2,13.86,9.649,4.82,1.158,7.0
49,6424,ABBOTT NUTRITION SIMILAC with iron ready-to-feed Infant formula,100,65,87.79,6.92,6.9,0.0,1.36,0.0,3.55,1.239,2.0
50,6930,ABBOTT NUTRITION SIMILAC NEOSURE ready-to-feed with ARA and DHA Infant formula,100,69,87.0,6.94,6.9,0.0,1.92,0.0,3.77,2.449,2.0
51,7212,ABBOTT NUTRITION SIMILAC ADVANCE with iron ready-to-feed Infant formula,100,66,87.79,6.77,6.9,0.0,1.36,0.0,3.7,1.239,2.0
52,2195,McFLURRY with M&M'S CANDIES McDONALD'S,100,177,61.74,26.82,24.37,0.2,4.02,0.0,6.46,3.418,16.0
53,5458,soft serve blended with milk chocolate candies Light Ice Cream,100,182,61.74,26.82,24.37,0.2,4.02,0.0,6.46,3.649,16.0
54,6608,pasteurized process American vitamin D fortified Cheese product,100,312,44.22,8.8,6.19,0.0,17.12,0.0,23.11,13.418999999999999,78.0
55,5092,MEAD JOHNSON ENFAMIL with iron powder Infant formula,100,520,3.3,56.2,56.0,0.0,10.8,0.0,27.0,11.517,17.0
56,6964,MEAD JOHNSON ENFAMIL LIPIL with iron powder with ARA and DHA Infant formula,100,511,3.3,56.2,56.0,0.0,10.8,0.0,27.0,11.238,17.0
57,7325,MEAD JOHNSON ENFAMIL low iron powder not reconstituted Infant formula,100,511,3.3,56.2,56.0,0.0,10.8,0.0,27.0,11.517,17.0
58,7041,ABBOTT NUTRITION SIMILAC with iron powder not reconstituted Infant formula,100,522,2.25,54.73,54.73,0.0,10.89,0.0,28.87,9.886999999999999,14.0
59,7954,ABBOTT NUTRITION SIMILAC ADVANCE with iron powder not reconstituted Infant formula,100,522,2.25,54.73,54.73,0.0,10.89,0.0,28.87,9.886999999999999,14.0
60,3089,beluga meat dried (Alaska Native) Whale,100,327,22.39,0.0,0.0,0.0,69.86,35.83,5.34,1.326,122.0
61,4401,bearded (Oogruk) meat dried (Alaska Native) Seal,100,351,11.6,0.0,0.0,0.0,82.6,41.028,2.3,0.6,0.0
62,213,Soy protein isolate,100,335,4.98,0.0,0.0,0.0,88.32,55.338,3.39,0.422,0.0
63,1378,potassium type Soy protein isolate,100,321,4.98,2.59,0.0,0.0,88.32,55.338,0.53,0.077,0.0
64,5806,bearded (Oogruk) meat partially dried (Alaska Native) Seal,100,270,34.92,0.0,0.0,0.0,62.38,30.982,2.31,0.0,0.0
65,3893,white dried stabilized glucose reduced Egg,100,357,5.48,4.51,0.0,0.0,84.08,48.879,0.32,0.118,0.0
66,5357,white dried powder stabilized glucose reduced Egg,100,376,8.54,4.47,0.0,0.0,82.4,46.526,0.04,0.0,0.0
67,2370,cod Atlantic dried and salted Fish,100,290,16.14,0.0,0.0,0.0,62.82,33.962,2.37,0.614,152.0
68,389,white dried Egg,100,382,5.8,7.8,5.4,0.0,81.1,44.962,0.0,0.0,0.0
69,5356,white dried flakes stabilized glucose reduced Egg,100,351,14.62,4.17,0.0,0.0,76.92,43.433,0.04,0.0,0.0
70,1016,parmesan shredded Cheese,100,415,25.0,3.41,0.9,0.0,37.86,25.471,27.34,17.442,72.0
71,2215,cured bacon cooked microwaved Pork,100,476,20.38,0.48,0.0,0.0,39.01,21.449,34.12,11.755,111.0
72,3874,produced by acid wash Soy protein concentrate,100,328,5.8,25.41,20.0,5.5,63.63,39.123,0.46,0.052,0.0
73,5150,produced by alcohol extraction Soy protein concentrate,100,328,5.8,25.41,20.0,5.5,63.63,39.123,0.46,0.052,0.0
74,2853,cottonseed flour low fat (glandless) Seeds,100,332,6.9,36.1,0.0,0.0,49.83,37.082,1.41,0.31,0.0
75,5387,cottonseed meal partially defatted (glandless) Seeds,100,367,1.2,38.43,0.0,0.0,49.1,36.537,4.77,1.207,0.0
76,2602,Protein powder soy based Beverages,100,388,4.13,28.89,22.22,6.7,55.56,35.24,5.56,1.111,0.0
77,1770,deer cooked roasted Game meat,100,158,65.23,0.0,0.0,0.0,30.21,17.043,3.19,1.362,112.0
78,883,sesame flour low-fat Seeds,100,333,7.1,35.51,0.0,0.0,50.14,37.461,1.75,0.201,0.0
79,2257,boar wild cooked roasted Game meat,100,160,63.87,0.0,0.0,0.0,28.3,15.566,4.38,1.377,77.0
80,1930,popcorn cheese-flavor Snacks,100,526,2.5,51.6,0.79,9.9,9.3,5.424,33.2,6.421,11.0
81,2467,dehydrated or banana powder Bananas,100,346,3.0,88.28,47.3,9.9,3.89,2.129,1.81,0.698,0.0
82,1257,almonds blanched Nuts,100,590,4.51,18.67,4.63,9.9,21.4,15.729,52.52,3.953,0.0
83,186,canned Grape leaves,100,69,76.1,11.71,0.0,9.9,4.27,0.0,1.97,0.312,0.0
84,3556,QUAKER Whole Wheat Natural Cereal dry Cereals,100,333,9.8,74.8,2.0,9.9,11.8,0.0,2.0,0.419,0.0
85,5274,KELLOGG'S KRAVE chocolate cereal Cereals ready-to-eat,100,397,3.5,76.1,35.7,9.9,7.0,0.0,11.1,2.501,1.0
86,6402,QUAKER Natural Granola Apple Cranberry Almond Cereals ready-to-eat,100,418,3.21,74.73,27.43,9.9,9.21,0.0,11.06,1.132,2.0
87,4161,dry mix (corn and soy flours) unprepared Incaparina,100,379,7.47,60.53,0.0,9.9,21.75,14.815,5.58,0.0,0.0
88,6490,coconut meat dried (desiccated) sweetened flaked packaged Nuts,100,456,15.46,51.85,36.75,9.9,3.13,2.445,27.99,26.396,0.0
89,5186,SPECIAL K Cracker Chips Sour Cream & Onion KELLOGG'S,100,365,2.8,74.3,3.5,9.8,7.1,0.0,8.0,2.202,2.0
90,3019,SPECIAL K Savory Herb Crackers KELLOGG'S,100,406,2.5,73.8,10.6,9.8,10.9,0.0,10.0,1.5,0.0
91,3018,beaked (Northern Plains Indians) Hazelnuts,100,628,5.92,22.98,0.0,9.8,14.89,0.0,52.99,0.0,0.0
92,3515,KELLOGG SCOOBY-DOO! cereal Cereals ready-to-eat,100,376,2.29,84.0,18.5,9.8,8.6,0.0,4.09,0.6,0.0
93,4729,QUAKER Instant Oatmeal Organic Regular Cereals,100,367,8.8,67.0,1.0,9.8,16.0,0.0,6.3,1.11,0.0
94,4308,Whole Grain Honey Whole Wheat Bread PEPPERIDGE FARM,100,263,37.4,47.7,8.1,9.8,0.01,0.0,3.5,0.901,1.0
95,77,dried uncooked Figs,100,249,30.05,63.87,47.92,9.8,3.3,2.074,0.93,0.144,0.0
96,3139,Whole Grain Oatmeal Bread PEPPERIDGE FARM,100,258,38.75,46.5,7.2,9.8,0.01,0.0,3.7,0.9,0.0
97,3948,ready-to-bake or -fry whole wheat Tortillas,100,310,30.15,45.89,2.44,9.8,9.76,6.979,9.76,4.878,0.0
98,806,(dried gourd strips) Kanpyo,100,258,19.97,65.03,0.0,9.8,8.58,0.0,0.56,0.045,0.0
99,6137,wheat and bran presweetened with nuts and fruits Cereals ready-to-eat,100,385,8.5,76.2,23.6,9.7,7.1,0.0,5.6,0.8,0.0
100,3955,jellied canned OCEAN SPRAY Cranberry sauce,100,160,58.2,40.61,32.2,1.0,1.05,0.0,0.04,0.007,0.0
101,1509,canned sweetened Cranberry sauce,100,159,58.45,40.4,31.75,1.1,0.9,0.0,0.15,0.007,0.0
102,2913,whole canned OCEAN SPRAY Cranberry sauce,100,158,58.7,40.4,31.3,1.2,0.75,0.0,0.05,0.007,0.0
103,759,Hot Mustard Sauce McDONALD'S,100,190,58.65,29.08,21.76,5.0,2.6,0.0,7.31,0.987,0.0
104,522,raw Jackfruit,100,95,73.46,23.25,19.08,1.5,1.72,0.911,0.64,0.195,0.0
105,3427,KELLOGG'S NUTRI-GRAIN Cereal Bars fruit Snacks,100,365,16.7,67.61,28.98,3.0,4.22,0.0,8.67,1.442,0.0
106,3691,wild canned heavy syrup drained Blueberries,100,107,70.63,28.32,19.28,4.9,0.56,0.0,0.34,0.0,0.0
107,5881,cucumber sweet (includes bread and butter pickles) Pickles,100,91,76.2,21.15,18.27,1.0,0.58,0.355,0.41,0.067,0.0
108,282,low sodium Catsup,100,101,68.51,27.4,21.27,0.3,1.04,0.594,0.1,0.014,0.0
109,669,Catsup,100,101,68.51,27.4,21.27,0.3,1.04,0.594,0.1,0.014,0.0
110,3250,canned light syrup drained Blueberries,100,88,75.72,22.66,17.45,2.6,1.04,0.0,0.4,0.028,0.0
111,3778,hot chile sriracha CHA! BY TEXAS PETE Sauce,100,108,66.25,22.73,15.65,2.1,2.02,0.0,0.98,0.0,0.0
112,4835,GENERAL MILLS CINNAMON TOAST CRUNCH Cereals ready-to-eat,100,410,3.24,77.99,30.3,6.8,5.45,3.466,10.25,0.975,0.0
113,2030,canned syrup drained Nance,100,95,74.85,22.79,15.66,7.0,0.56,0.0,1.28,0.0,0.0
114,1006,hot chile sriracha Sauce,100,93,71.84,19.16,15.11,2.2,1.93,0.0,0.93,0.0,0.0
115,6350,such as Thompson seedless) red or green (European type raw Grapes,100,69,80.54,18.1,15.48,0.9,0.72,0.409,0.16,0.054,0.0
116,5698,oats instant fortified with raisins and spice dry Cereals,100,360,8.44,76.33,37.14,5.7,8.45,0.0,4.03,0.639,0.0
117,5209,QUAKER Instant Oatmeal Raisin and Spice dry Cereals,100,360,8.45,75.68,35.65,5.8,9.11,0.0,4.0,0.605,0.0
118,306,mamey raw Sapote,100,124,64.87,32.1,20.14,5.4,1.45,0.83,0.46,0.169,0.0
119,5071,frozen concentrate unsweetened undiluted Orange juice,100,148,60.57,35.19,29.68,1.0,2.4,1.495,0.25,0.059,0.0
120,1618,dry powder unsweetened Gelatins,100,335,13.0,0.0,0.0,0.0,85.6,62.895,0.1,0.07,0.0
121,1087,pork skins plain Snacks,100,544,1.8,0.0,0.0,0.0,61.3,46.256,31.3,11.465,95.0
122,7259,dry mix reduced calorie with aspartame no added sodium Gelatin desserts,100,345,6.7,33.3,0.0,0.0,55.3,45.475,0.0,0.0,0.0
123,8491,dry mix reduced calorie with aspartame added phosphorus potassium sodium vitamin C Gelatin desserts,100,345,6.7,33.3,0.0,0.0,55.3,45.475,0.0,0.0,0.0
124,2713,pork skins barbecue-flavor Snacks,100,538,2.1,1.6,0.0,0.0,57.9,43.605,31.8,11.675,115.0
125,5357,white dried powder stabilized glucose reduced Egg,100,376,8.54,4.47,0.0,0.0,82.4,46.526,0.04,0.0,0.0
126,3893,white dried stabilized glucose reduced Egg,100,357,5.48,4.51,0.0,0.0,84.08,48.879,0.32,0.118,0.0
127,5356,white dried flakes stabilized glucose reduced Egg,100,351,14.62,4.17,0.0,0.0,76.92,43.433,0.04,0.0,0.0
128,4401,bearded (Oogruk) meat dried (Alaska Native) Seal,100,351,11.6,0.0,0.0,0.0,82.6,41.028,2.3,0.6,0.0
129,389,white dried Egg,100,382,5.8,7.8,5.4,0.0,81.1,44.962,0.0,0.0,0.0
130,1112,spirulina dried Seaweed,100,290,4.68,23.9,3.1,3.6,57.47,34.566,7.72,2.65,0.0
131,3089,beluga meat dried (Alaska Native) Whale,100,327,22.39,0.0,0.0,0.0,69.86,35.83,5.34,1.326,122.0
132,2370,cod Atlantic dried and salted Fish,100,290,16.14,0.0,0.0,0.0,62.82,33.962,2.37,0.614,152.0
133,2267,whitefish dried (Alaska Native) Fish,100,371,20.59,0.0,0.0,0.0,62.44,33.09,13.44,3.116,266.0
134,213,Soy protein isolate,100,335,4.98,0.0,0.0,0.0,88.32,55.338,3.39,0.422,0.0
135,1378,potassium type Soy protein isolate,100,321,4.98,2.59,0.0,0.0,88.32,55.338,0.53,0.077,0.0
136,5806,bearded (Oogruk) meat partially dried (Alaska Native) Seal,100,270,34.92,0.0,0.0,0.0,62.38,30.982,2.31,0.0,0.0
137,694,dried (Alaska Native) Smelt,100,386,16.92,0.0,0.0,0.0,56.19,28.21,17.9,3.839,249.0
138,3567,whelk unspecified cooked moist heat Mollusks,100,275,32.0,15.52,0.0,0.0,47.68,29.983,0.8,0.192,130.0
139,3859,whole dried stabilized glucose reduced Egg,100,615,1.87,2.38,0.0,0.0,48.17,27.136,43.95,15.215,2017.0
140,753,whole cooked scrambled Egg,100,149,76.4,1.61,1.39,0.0,9.99,5.738,10.98,3.608,277.0
141,4261,QUAKER QUAKER OAT LIFE plain Cereals ready-to-eat,100,374,4.3,77.74,19.43,6.6,9.98,0.0,4.43,0.83,0.0
142,2279,extra firm prepared with nigari Tofu,100,83,82.31,1.18,0.71,1.0,9.98,6.385,5.26,0.919,0.0
143,811,Greek plain lowfat Yogurt,100,73,83.56,3.94,3.56,0.0,9.95,3.214,1.92,1.24,10.0
144,2449,pork refrigerated heated Egg rolls,100,222,51.33,29.5,5.32,2.1,9.94,5.58,7.17,1.602,14.0
145,4904,QUAKER Instant Grits Country Bacon flavor dry Cereals,100,340,7.37,75.39,0.38,5.1,9.93,0.0,1.73,0.24,0.0
146,2535,Australian separable fat raw Veal,100,509,38.1,0.0,0.0,0.0,9.91,0.0,52.17,23.63,66.0
147,181,pearled raw Barley,100,352,10.09,77.72,0.8,15.6,9.91,6.547,1.16,0.244,0.0
148,5003,mixed-grain toasted (includes granola) English muffins,100,255,35.0,50.3,0.88,3.0,9.9,6.68,1.9,0.25,0.0
149,726,hard (includes kaiser) Rolls,100,293,31.0,52.7,1.77,2.3,9.9,6.889,4.3,0.606,0.0
150,2269,POST Bran Flakes Cereals ready-to-eat,100,328,3.4,80.5,18.6,18.3,9.9,0.0,2.1,0.4,0.0
151,288,multigrain Bagels,100,241,39.4,47.47,8.66,6.2,9.9,0.0,1.24,0.006,6.0
152,5338,white all-purpose self-rising enriched Wheat flour,100,354,10.59,74.22,0.22,2.7,9.89,6.966,0.97,0.154,0.0
153,6526,GENERAL MILLS OATMEAL CRISP Crunchy Almond Cereals ready-to-eat,100,390,2.9,78.09,22.89,8.2,9.89,0.0,6.69,1.1,0.0
154,144,dried (Navajo) Corn,100,386,8.1,74.93,5.38,0.0,9.88,0.0,5.22,0.82,0.0
155,1915,chicken turkey pork Bologna,100,298,55.25,5.65,0.0,0.0,9.88,0.0,26.18,8.07,80.0
156,5296,M&M MARS COMBOS Snacks Cheddar Cheese Pretzel Snacks,100,463,1.67,66.5,17.6,3.6,9.85,0.0,16.92,9.661000000000001,5.0
157,1117,yellow (Navajo) Cornmeal,100,384,10.15,72.9,1.56,9.4,9.85,5.89,5.88,1.043,0.0
158,2199,BURRITO SUPREME with chicken TACO BELL,100,179,61.0,20.51,0.0,2.4,9.84,5.297,6.42,2.3729999999999998,21.0
159,3141,pesto ready-to-serve refrigerated Sauce,100,418,38.98,10.09,6.33,1.8,9.83,0.0,37.6,7.07,0.0
160,4038,flaxseed contains added sliced flaxseed Oil,100,878,0.16,0.39,0.0,0.0,0.37,0.0,99.01,9.047,0.0
161,8271,"chuck eye Country-Style ribs boneless separable lean and fat trimmed to 0"" fat all grades cooked braised Beef",100,296,51.91,0.0,0.0,0.0,27.69,15.162,20.55,9.105,96.0
162,2418,industrial mid-oleic sunflower Oil,100,884,0.0,0.0,0.0,0.0,0.0,0.0,100.0,9.009,0.0
163,7715,"rib eye small end (ribs 10-12) separable lean and fat trimmed to 0"" fat choice raw Beef",100,274,58.03,0.0,0.0,0.0,17.51,9.576,22.07,9.068,68.0
164,2924,SOFT BATCH Chocolate Chip Cookies KEEBLER,100,477,6.0,66.2,36.9,1.7,3.6,0.0,22.1,9.0,0.0
165,2980,M&M MARS Pretzel Chocolate Candies Candies,100,447,4.84,72.94,50.0,2.5,5.0,0.0,15.0,8.999,13.0
166,691,flaxseed cold pressed Oil,100,884,0.12,0.0,0.0,0.0,0.11,0.0,99.98,8.976,0.0
167,6933,"brisket flat half separable lean and fat trimmed to 1/8"" fat select raw Beef",100,276,59.34,0.0,0.0,0.0,17.77,10.125,22.21,9.056999999999999,94.0
168,7379,"tenderloin separable lean and fat trimmed to 1/8"" fat prime raw Beef",100,274,59.52,0.0,0.0,0.0,18.15,9.926,21.83,9.030000000000001,70.0
169,274,pork Liver cheese,100,304,53.6,2.1,0.0,0.0,15.2,8.077,25.6,9.134,174.0
170,8044,"brisket flat half separable lean and fat trimmed to 1/8"" fat all grades raw Beef",100,277,59.07,0.0,0.0,0.0,17.94,10.969,22.18,9.043000000000001,92.0
171,2253,menhaden fully hydrogenated Fish oil,100,902,0.0,0.0,0.0,0.0,0.0,0.0,100.0,96.1,500.0
172,2077,industrial soy fully hydrogenated Oil,100,884,0.0,0.0,0.0,0.0,0.0,0.0,100.0,93.966,0.0
173,8782,industrial palm kernel (hydrogenated) confection fat uses similar to 95 degree hard butter Oil,100,884,0.05,0.0,0.0,0.0,0.0,0.0,100.0,93.701,0.0
174,3727,industrial cottonseed fully hydrogenated Oil,100,884,0.0,0.0,0.0,0.0,0.0,0.0,100.0,93.608,0.0
175,8020,industrial coconut (hydrogenated) used for whipped toppings and coffee whiteners Oil,100,880,0.07,0.0,0.0,0.0,0.0,0.0,99.5,93.536,0.0
176,7992,industrial palm kernel (hydrogenated) confection fat intermediate grade product Oil,100,884,0.04,0.0,0.0,0.0,0.0,0.0,100.0,92.614,0.0
177,6889,coconut (hydrogenated) and or palm kernel (hydrogenated) Shortening confectionery,100,884,0.0,0.0,0.0,0.0,0.0,0.0,100.0,91.3,0.0
178,278,nutmeg butter Oil,100,884,0.0,0.0,0.0,0.0,0.0,0.0,100.0,90.0,0.0
179,949,pork beef link Brotwurst,100,323,51.3,2.98,2.98,0.0,14.3,8.24,27.8,9.993,63.0
180,328,granulated Sugars,100,387,0.02,99.98,99.8,0.0,0.0,0.0,0.0,0.0,0.0
181,435,turbinado Sugar,100,399,0.03,99.8,99.19,0.0,0.0,0.0,0.0,0.0,0.0
182,407,powdered Sugars,100,389,0.23,99.77,97.81,0.0,0.0,0.0,0.0,0.0,0.0
183,2688,Whiskey sour mix powder Beverages,100,383,0.6,97.3,97.3,0.0,0.6,0.0,0.1,0.019,0.0
184,3313,lemonade-flavor drink powder Beverages,100,380,0.52,97.9,97.15,0.0,0.0,0.0,1.01,0.183,0.0
185,534,brown Sugars,100,380,1.34,98.09,97.02,0.0,0.12,0.0,0.0,0.0,0.0
186,2326,powder Strawberry-flavor beverage mix,100,389,0.4,99.1,95.45,0.0,0.1,0.0,0.2,0.0,0.0
187,5052,tea instant decaffeinated lemon sweetened Beverages,100,401,0.13,98.55,95.29,0.0,0.12,0.0,0.73,0.091,0.0
188,4688,tea instant lemon sweetened powder Beverages,100,401,0.13,98.55,95.29,0.7,0.12,0.0,0.73,0.097,0.0
189,942,Lemonade powder Beverages,100,376,1.43,97.57,94.7,0.4,0.0,0.0,1.05,0.151,0.0
190,1382,vanilla dry mix instant Puddings,100,377,2.6,92.9,92.9,0.0,0.0,0.0,0.6,0.432,0.0
191,2976,tabletop fructose dry powder Sweeteners,100,368,0.0,100.0,92.7,0.0,0.0,0.0,0.0,0.0,0.0
192,5376,orange-flavor drink breakfast type powder Beverages,100,386,0.14,98.94,92.31,0.4,0.0,0.0,0.0,0.0,0.0
193,5010,frozen concentrate white prepared with water Lemonade,100,40,89.35,10.42,9.98,0.0,0.07,0.0,0.04,0.006,0.0
194,7349,canned or bottled unsweetened with added ascorbic acid Pineapple juice,100,53,86.37,12.87,9.98,0.2,0.36,0.0,0.12,0.008,0.0
195,7894,canned not from concentrate unsweetened with added vitamins A C and E Pineapple juice,100,50,87.06,12.18,9.98,0.2,0.36,0.0,0.14,0.0,0.0
196,7194,canned or bottled unsweetened without added ascorbic acid Pineapple juice,100,53,86.37,12.87,9.98,0.2,0.36,0.0,0.12,0.008,0.0
197,425,raw Blueberries,100,57,84.21,14.49,9.96,2.4,0.74,0.314,0.33,0.028,0.0
198,7399,apple grape and pear blend with added ascorbic acid and calcium Juice,100,52,86.44,12.96,9.95,0.2,0.17,0.0,0.12,0.021,0.0
199,4867,pasteurized process cheddar or American fat-free Cheese,100,148,56.9,13.4,9.95,0.0,22.5,0.0,0.8,0.515,11.0
200,5157,KELLOGG KELLOGG'S RICE KRISPIES TREATS Squares Snacks,100,414,5.9,80.5,19.36,0.0,3.4,0.0,9.0,1.4,0.0
201,7028,fruit strawberry) cherry blueberry frosted (include apples Toaster Pastries,100,385,14.04,71.83,31.0,1.8,4.01,2.858,9.02,3.091,0.0
202,2438,family style hash browns Restaurant,100,197,59.85,26.59,1.38,2.7,2.49,0.0,8.99,1.689,0.0
203,4279,"Classic Hand-Tossed Crust DOMINO'S 14"" Cheese Pizza",100,257,44.87,33.24,4.02,2.2,10.8,0.0,8.97,4.127000000000001,17.0
204,7541,"round bottom round steak separable lean only trimmed to 0"" fat choice cooked braised Beef",100,223,57.36,0.0,0.0,0.0,33.08,18.852,9.03,3.2470000000000003,95.0
205,6728,broilers or fryers leg meat and skin cooked roasted Chicken,100,184,66.74,0.0,0.0,0.0,24.03,13.659,8.99,2.5730000000000004,127.0
206,6881,fresh loin sirloin (chops or roasts) bone-in separable lean and fat raw Pork,100,168,70.29,0.0,0.0,0.0,20.48,11.541,8.96,1.921,70.0
207,2249,rib separable lean and fat raw Veal,100,162,71.15,0.0,0.0,0.0,18.86,10.117,9.01,3.792,82.0
208,1934,Vegetarian meatloaf or patties,100,197,58.0,8.0,1.2,4.6,21.0,0.0,9.0,1.425,0.0
209,4758,mature seeds cooked boiled with salt Soybeans,100,172,62.55,8.36,2.36,6.0,18.21,10.999,8.97,1.297,0.0
210,6904,dark meat drumstick meat and skin with added solution cooked roasted Chicken,100,180,65.97,0.05,0.0,0.0,24.72,12.654,9.0,2.7840000000000003,128.0
211,6678,broilers or fryers dark meat meat only cooked stewed Chicken,100,192,65.83,0.0,0.0,0.0,25.97,13.632,8.98,2.5380000000000003,88.0
212,791,herring Atlantic raw Fish,100,158,72.05,0.0,0.0,0.0,17.96,9.71,9.04,2.1,60.0
213,3932,mature cooked boiled without salt Soybeans,100,172,62.55,8.36,3.0,6.0,18.21,10.999,8.97,1.297,0.0
214,8633,"round top round steak separable lean and fat trimmed to 1/8"" fat all grades cooked broiled Beef",100,204,59.59,0.0,0.0,0.0,30.67,17.475,9.0,3.505,90.0
215,7585,"domestic shoulder arm separable lean only trimmed to 1/4"" fat choice cooked broiled Lamb",100,200,62.28,0.0,0.0,0.0,27.71,14.579,9.02,3.512,92.0
216,7019,New Zealand imported tenderloin separable lean only cooked fast fried Beef,100,200,59.69,0.27,0.0,0.0,29.37,12.121,9.01,3.677,81.0
217,8061,"chuck short ribs boneless separable lean only trimmed to 0"" fat select raw Beef",100,161,70.24,0.0,0.0,0.0,20.14,11.2,8.99,4.02,80.0
218,2455,dark meat meat and skin raw Turkey,100,161,71.1,0.15,0.1,0.0,19.81,10.258,8.97,2.5,87.0
219,1508,ZESTA Saltines Original KEEBLER,100,418,2.5,76.1,1.6,2.5,8.2,0.0,9.0,1.3,0.0
220,8271,"chuck eye Country-Style ribs boneless separable lean and fat trimmed to 0"" fat all grades cooked braised Beef",100,296,51.91,0.0,0.0,0.0,27.69,15.162,20.55,9.105,96.0
221,5599,MEAD JOHNSON ENFAMIL Premium Infant powder Infant Formula,100,510,2.4,57.0,57.0,0.0,10.8,0.0,27.0,11.161,0.0
222,6399,MEAD JOHNSON ENFAMIL Premium LIPIL Infant powder Infant Formula,100,510,2.4,57.0,57.0,0.0,10.8,0.0,27.0,11.161,0.0
223,3181,biscuit with egg and sausage Fast Foods,100,312,44.48,21.05,0.95,0.2,11.13,6.107,20.77,6.609999999999999,161.0
224,831,semisweet chocolate Candies,100,480,0.7,63.9,54.5,5.9,4.2,2.26,30.0,17.75,0.0
225,2041,yolk raw frozen pasteurized Egg,100,296,56.44,0.81,0.16,0.0,15.53,8.695,25.6,9.606,991.0
226,8319,"chuck under blade pot roast boneless separable lean and fat trimmed to 0"" fat choice cooked braised Beef",100,306,51.93,0.0,0.0,0.0,26.39,14.934,21.48,8.632,100.0
227,6315,pound commercially prepared other than all butter unenriched Cake,100,389,23.1,52.5,0.0,1.0,5.2,3.214,17.9,4.705,58.0
228,6499,pound commercially prepared other than all butter enriched Cake,100,389,23.1,52.5,0.0,1.0,5.2,3.214,17.9,4.705,58.0
229,1870,pork and beef Luncheon sausage,100,260,58.62,1.58,0.0,0.0,15.38,9.51,20.9,7.684,64.0
230,8630,"New Zealand imported frozen rib separable lean and fat trimmed to 1/8"" fat cooked roasted Lamb",100,317,52.47,0.0,0.0,0.0,19.86,10.449,25.74,12.919,99.0
231,3884,semisweet chocolate made with butter Candies,100,477,0.7,63.4,0.0,5.9,4.2,2.26,29.7,17.548000000000002,18.0
232,2171,meat and poultry unheated Frankfurter,100,277,57.58,5.02,2.75,0.0,9.72,5.926,24.18,7.6610000000000005,78.0
233,8700,"rib eye steak/roast bone-in lip-on separable lean and fat trimmed to 1/8"" fat choice raw Beef",100,260,60.35,0.0,0.0,0.0,17.92,10.344,20.96,9.335,70.0
234,7754,"tenderloin roast separable lean and fat trimmed to 1/8"" fat select cooked roasted Beef",100,316,48.86,0.0,0.0,0.0,23.9,13.073,23.7,9.465000000000002,85.0
235,3464,potato chips white restructured baked Snacks,100,469,1.4,71.4,5.01,4.8,5.0,0.0,18.2,2.631,0.0
236,245,fennel seed Spices,100,345,8.81,52.29,0.0,39.8,15.8,9.797,14.87,0.48,0.0
237,4507,SUGAR FREE Chocolate Chip & Pecan Cookies MURRAY,100,497,3.2,58.6,1.5,5.1,6.0,0.0,31.4,9.607,7.0
238,6964,MEAD JOHNSON ENFAMIL LIPIL with iron powder with ARA and DHA Infant formula,100,511,3.3,56.2,56.0,0.0,10.8,0.0,27.0,11.238,17.0
239,1716,oriental mix rice-based Snacks,100,506,2.55,51.62,3.0,13.2,17.31,13.07,25.58,3.785,0.0
240,1240,bottled generic Water,100,0,99.98,0.0,0.0,0.0,0.0,0.0,0.0,0.0,0.0
241,4668,water bottled non-carbonated DANNON Beverages,100,0,99.98,0.0,0.0,0.0,0.0,0.0,0.0,0.0,0.0
242,6768,water bottled non-carbonated DANNON Fluoride To Go Beverages,100,0,99.97,0.03,0.0,0.0,0.0,0.0,0.0,0.0,0.0
243,3460,water bottled non-carbonated EVIAN Beverages,100,0,99.97,0.0,0.0,0.0,0.0,0.0,0.0,0.0,0.0
244,6091,water bottled non-carbonated PEPSI AQUAFINA Beverages,100,0,99.97,0.0,0.0,0.0,0.0,0.0,0.0,0.0,0.0
245,7403,The COCA-COLA company DASANI water bottled non-carbonated Beverages,100,0,99.96,0.0,0.0,0.0,0.0,0.0,0.0,0.0,0.0
246,7721,GEROLSTEINER BRUNNEN GmbH & Co. KG Gerolsteiner naturally sparkling mineral water Beverages,100,0,99.95,0.0,0.0,0.0,0.0,0.0,0.0,0.0,0.0
247,8558,GEROLSTEINER BRUNNEN GmbH & Co. KG (Gerolsteiner) naturally sparkling mineral bottled water Beverages,100,0,99.95,0.0,0.0,0.0,0.0,0.0,0.0,0.0,0.0
248,2237,tea green brewed regular Beverages,100,1,99.93,0.0,0.0,0.0,0.22,0.0,0.0,0.0,0.0
249,2828,tea green brewed decaffeinated Beverages,100,0,99.93,0.0,0.0,0.0,0.0,0.0,0.0,0.0,0.0
250,888,water tap well Beverages,100,0,99.9,0.0,0.0,0.0,0.0,0.0,0.0,0.0,0.0
251,1753,carbonated club soda Beverages,100,0,99.9,0.0,0.0,0.0,0.0,0.0,0.0,0.0,0.0
252,1726,water tap municipal Beverages,100,0,99.9,0.0,0.0,0.0,0.0,0.0,0.0,0.0,0.0
253,1780,water tap drinking Beverages,100,0,99.9,0.0,0.0,0.0,0.0,0.0,0.0,0.0,0.0
254,4899,water bottled GERBER without added fluoride. Babyfood,100,0,99.9,0.0,0.0,0.0,0.0,0.0,0.0,0.0,0.0
255,1488,water bottled PERRIER Beverages,100,0,99.9,0.0,0.0,0.0,0.0,0.0,0.0,0.0,0.0
256,5713,Powerade Zero Ion4 calorie-free assorted flavors Beverages,100,0,99.89,0.0,0.0,0.0,0.0,0.0,0.0,0.0,0.0
257,4576,tea green ready to drink unsweetened Beverages,100,0,99.88,0.0,0.0,0.0,0.0,0.0,0.0,0.0,0.0
258,7795,non-carbonated bottles natural fruit flavors sweetened with low calorie sweetener Water,100,1,99.85,0.13,0.0,0.0,0.0,0.0,0.0,0.0,0.0
259,1997,tea Oolong brewed Beverages,100,1,99.84,0.15,0.0,0.0,0.0,0.0,0.0,0.0,0.0
