328,"Sugars, granulated",100 g,387,0g,0g,0,0.00 g,0,0,0,0,0,0,0,0,0,0,0,0,0,0,0,0,0,0,0,99.98 g,0.0 g,99.80 g,0.00 g,0.00 g,0.00 g,0.00 g,0.00 g,99.80 g,0.00 g,0.000 g,0.000 g,0.000 g,0.00 mg,0.02 g
435,"Sugar, turbinado",100 g,399,0g,0g,0,0.00 g,0,0,0,0,0,0,0,0,0,0,0,0,0,0,0,0,0,0,0,99.80 g,0,99.19 g,0.00 g,0.00 g,0.00 g,0.00 g,0.00 g,99.19 g,0.00 g,0,0,0,0,0.03 g
407,"Sugars, powdered",100 g,389,0g,0g,0,0.00 g,0,0,0,0,0,0,0,0,0,0,0,0,0,0,0,0,0,0,0,99.77 g,0.0 g,97.81 g,0.00 g,0.00 g,0.00 g,0.00 g,0.00 g,0,0.00 g,0.000 g,0.000 g,0.000 g,0.00 mg,0.23 g
4293,"Sweeteners, contains sugar and sucralose, for baking",100 g,398,0g,0g,0,0.00 g,0,0,0,0,0,0,0,0,0,0,0,0,0,0,0,0,0,0,0,99.53 g,0,47.05 g,0.00 g,0.00 g,0.00 g,0.00 g,0.00 g,47.05 g,0.00 g,0,0,0,0,0.43 g
2326,"Strawberry-flavor beverage mix, powder",100 g,389,0.2g,0g,0,0.10 g,0,0,0,0,0,0,0,0,0,0,0,0,0,0,0,0,0,0,0,99.10 g,0.0 g,95.45 g,0,0,0,0,0,0,0.20 g,0.000 g,0.000 g,0.000 g,0.00 mg,0.40 g
1494,"Desserts, dry mix, vanilla, rennin",100 g,383,0g,0g,0,0.00 g,0,0,0,0,0,0,0,0,0,0,0,0,0,0,0,0,0,0,0,99.00 g,0.0 g,0,0,0,0,0,0,0,0.00 g,0,0,0,0.00 mg,0.40 g
5376,"Beverages, powder, breakfast type, orange-flavor drink",100 g,386,0g,0g,0,0.00 g,0,0,0,0,0,0,0,0,0,0,0,0,0,0,0,0,0,0,0,98.94 g,0.4 g,92.31 g,0,0,0,0,0,0,0.00 g,0.000 g,0.000 g,0.000 g,0.00 mg,0.14 g
2228,"Candies, starch jelly pieces, gumdrops",100 g,396,0g,0g,0,0.00 g,0,0,0,0,0,0,0,0,0,0,0,0,0,0,0,0,0,0,0,98.90 g,0.1 g,58.97 g,0,0,0,0,0,0,0.00 g,0.000 g,0.000 g,0.000 g,0.00 mg,1.00 g
4671,"Candies, dietetic or low calorie (sorbitol), hard",100 g,394,0g,0g,0,0.00 g,0,0,0,0,0,0,0,0,0,0,0,0,0,0,0,0,0,0,0,98.60 g,0.0 g,0.00 g,0,0,0,0,0,0,0.00 g,0.000 g,0.000 g,0.000 g,0.00 mg,1.40 g
4688,"Beverages, powder, sweetened, lemon, instant, tea",100 g,401,0.7g,0.1g,0,0.12 g,0,0,0,0,0,0,0,0,0,0,0,0,0,0,0,0,0,0,0,98.55 g,0.7 g,95.29 g,0,0,0,0,0,0,0.73 g,0.097 g,0.033 g,0.218 g,0.00 mg,0.13 g
5052,"Beverages, sweetened, lemon, decaffeinated, instant, tea",100 g,401,0.7g,0.1g,0,0.12 g,0,0,0,0,0,0,0,0,0,0,0,0,0,0,0,0,0,0,0,98.55 g,0.0 g,95.29 g,0,0,0,0,0,0,0.73 g,0.091 g,0.027 g,0.209 g,0.00 mg,0.13 g
534,"Sugars, brown",100 g,380,0g,0g,0,0.12 g,0,0,0,0,0,0,0,0,0,0,0,0,0,0,0,0,0,0,0,98.09 g,0.0 g,97.02 g,1.11 g,0.00 g,1.35 g,0.00 g,0.00 g,94.56 g,0.00 g,0.000 g,0.000 g,0.000 g,0.00 mg,1.34 g
541,"Candies, hard",100 g,394,0.2g,0g,0,0.00 g,0,0,0,0,0,0,0,0,0,0,0,0,0,0,0,0,0,0,0,98.00 g,0.0 g,62.90 g,0,0,0,0,0,0,0.20 g,0.000 g,0.000 g,0.000 g,0.00 mg,1.30 g
3313,"Beverages, powder, lemonade-flavor drink",100 g,380,1g,0.2g,0,0.00 g,0,0,0,0,0,0,0,0,0,0,0,0,0,0,0,0,0,0,0,97.90 g,0.0 g,97.15 g,22.73 g,0.00 g,2.26 g,0.00 g,0.00 g,72.16 g,1.01 g,0.183 g,0.129 g,0.531 g,0.00 mg,0.52 g
5088,"Beverages, with added ascorbic acid, lemon, instant, tea",100 g,385,0.3g,0g,0,0.60 g,0.004 g,0.003 g,0.017 g,0.003 g,0.031 g,0.005 g,0.001 g,0,0.003 g,0.003 g,0.003 g,0.000 g,0.001 g,0.003 g,0.004 g,0.003 g,0.005 g,0.003 g,0.003 g,97.60 g,0.0 g,0,0,0,0,0,0,0,0.30 g,0.037 g,0.011 g,0.091 g,0.00 mg,0.30 g
942,"Beverages, powder, Lemonade",100 g,376,1.1g,0.2g,0,0.00 g,0,0,0,0,0,0,0,0,0,0,0,0,0,0,0,0,0,0,0,97.57 g,0.4 g,94.70 g,17.50 g,0.00 g,2.75 g,0.00 g,0.00 g,74.45 g,1.05 g,0.151 g,0.111 g,0.457 g,0.00 mg,1.43 g
2688,"Beverages, powder, Whiskey sour mix",100 g,383,0.1g,0g,0,0.60 g,0,0,0,0,0,0,0,0,0,0,0,0,0,0,0,0,0,0,0,97.30 g,0.0 g,97.30 g,0,0,0,0,0,0,0.10 g,0.019 g,0.006 g,0.037 g,0.00 mg,0.60 g
6021,"Sweeteners, contains sugar and sucralose, brown, for baking",100 g,388,0g,0g,0,0.00 g,0,0,0,0,0,0,0,0,0,0,0,0,0,0,0,0,0,0,0,97.11 g,0,45.66 g,0.51 g,0.00 g,0.80 g,0,0.00 g,44.35 g,0.00 g,0,0,0,0,2.44 g
620,Chewing gum,100 g,360,0.3g,0g,0,0.00 g,0,0,0,0,0,0,0,0,0,0,0,0,0,0,0,0,0,0,0,96.70 g,2.4 g,66.08 g,0,0,0,0,0,0,0.30 g,0.042 g,0.079 g,0.137 g,0.00 mg,2.60 g
1652,"Puddings, instant, dry mix, lemon",100 g,378,0.7g,0.1g,0,0.00 g,0.000 g,0.000 g,0.000 g,0.000 g,0.000 g,0.000 g,0.000 g,0,0.000 g,0.000 g,0.000 g,0.000 g,0.000 g,0.000 g,0.000 g,0.000 g,0.000 g,0.000 g,0.000 g,95.40 g,0.0 g,0,0,0,0,0,0,0,0.70 g,0.100 g,0.280 g,0.250 g,0.00 mg,0.70 g
3407,"Restaurant, spaghetti with meat sauce, Italian",100 g,121,3.6g,1.1g,9mg,5.79 g,0.247 g,0.275 g,0.439 g,0.093 g,1.559 g,0.230 g,0.142 g,0.000 g,0.197 g,0.373 g,0.231 g,0.109 g,0.263 g,0.507 g,0.240 g,0.192 g,0.054 g,0.137 g,0.224 g,16.40 g,1.6 g,1.82 g,0.95 g,0.00 g,0.87 g,0.00 g,0.00 g,0.00 g,3.59 g,1.062 g,1.486 g,0.512 g,9.00 mg,73.16 g
3788,"Dip, cheese and salsa- medium, salsa con queso",100 g,143,9.5g,2.5g,9mg,3.14 g,0,0,0,0,0,0,0,0,0,0,0,0,0,0,0,0,0,0,0,11.14 g,0.7 g,1.95 g,0.21 g,0.00 g,0.26 g,1.45 g,0.03 g,0.00 g,9.51 g,2.491 g,2.762 g,3.643 g,9.00 mg,73.72 g
3260,"Candies, MILKY WAY Bar, MARS SNACKFOOD US",100 g,456,17g,12g,9mg,4.01 g,0,0,0,0,0,0,0,0,0,0,0,0,0,0,0,0,0,0,0,71.17 g,1.0 g,59.69 g,0,0,0,0,0,0,17.23 g,12.016 g,2.230 g,0.260 g,9.00 mg,6.30 g
4700,"Babyfood, prepared with whole milk, mixed, cereal",100 g,96,3.4g,1.7g,9mg,4.14 g,0.153 g,0.142 g,0.286 g,0.052 g,1.099 g,0.126 g,0.097 g,0,0.244 g,0.440 g,0.166 g,0.091 g,0.202 g,0.412 g,0.155 g,0.190 g,0.064 g,0.186 g,0.239 g,12.30 g,0.8 g,4.78 g,0.00 g,0.00 g,0.00 g,4.50 g,0.00 g,0.00 g,3.38 g,1.745 g,0.855 g,0.359 g,9.00 mg,79.21 g
2954,KRAFT BREAKSTONE'S FREE Fat Free Sour Cream,100 g,91,1.3g,0.8g,9mg,4.70 g,0,0,0,0,0,0,0,0,0,0,0,0,0,0,0,0,0,0,0,15.10 g,0.0 g,7.20 g,0,0,0,0,0,0,1.30 g,0.800 g,0,0,9.00 mg,77.70 g
2800,"Rice mix, unprepared, dry mix, cheese flavor",100 g,362,3.5g,1.8g,9mg,8.77 g,0,0,0,0,0,0,0,0,0,0,0,0,0,0,0,0,0,0,0,73.88 g,1.8 g,5.26 g,0,0,0,0,0,0,3.51 g,1.754 g,0.750 g,0.667 g,9.00 mg,8.74 g
5816,"Puddings, prepared with whole milk, regular, dry mix, vanilla",100 g,113,2.9g,1.6g,9mg,2.80 g,0,0,0,0,0,0,0,0,0,0,0,0,0,0,0,0,0,0,0,18.92 g,0.1 g,17.09 g,0,0,0,0,0,0,2.90 g,1.643 g,0.714 g,0.197 g,9.00 mg,74.49 g
4429,"KEEBLER, Chocolate Malt Chunk Cookies, CHIPS DELUXE",100 g,537,30g,14g,9mg,4.70 g,0,0,0,0,0,0,0,0,0,0,0,0,0,0,0,0,0,0,0,61.80 g,1.7 g,31.60 g,0,0,0,0,0,0,30.40 g,13.800 g,5.900 g,8.200 g,9.00 mg,2.70 g
3196,"GARDENBURGER Original, unprepared, frozen",100 g,155,4.6g,2.4g,9mg,7.20 g,0,0,0,0,0,0,0,0,0,0,0,0,0,0,0,0,0,0,0,22.10 g,5.0 g,0.60 g,0,0,0,0,0,0,4.60 g,2.400 g,0.500 g,0.600 g,9.00 mg,61.90 g
3949,"Candies, SNICKERS CRUNCHER, MARS SNACKFOOD US",100 g,488,24g,13g,9mg,6.86 g,0,0,0,0,0,0,0,0,0,0,0,0,0,0,0,0,0,0,0,62.85 g,1.9 g,46.54 g,0,0,0,0,0,0,24.38 g,12.703 g,0,0,9.00 mg,4.47 g
5940,"Soup, prepared with equal volume milk, canned, tomato bisque",100 g,79,2.6g,1.3g,9mg,2.51 g,0.081 g,0.084 g,0.201 g,0.024 g,0.646 g,0.055 g,0.061 g,0,0.128 g,0.207 g,0.163 g,0.052 g,0.108 g,0.211 g,0.123 g,0.099 g,0.032 g,0.101 g,0.142 g,11.73 g,0.2 g,0,0,0,0,0,0,0,2.63 g,1.250 g,0.750 g,0.490 g,9.00 mg,81.51 g
4436,"CARRABBA'S ITALIAN GRILL, spaghetti with meat sauce",100 g,122,3.9g,1.1g,9mg,5.87 g,0.284 g,0.268 g,0.427 g,0.085 g,1.440 g,0.220 g,0.134 g,0.000 g,0.183 g,0.354 g,0.231 g,0.098 g,0.244 g,0.452 g,0.220 g,0.183 g,0.049 g,0.141 g,0.208 g,15.71 g,1.5 g,1.96 g,0.97 g,0.00 g,0.99 g,0.00 g,0.00 g,0.00 g,3.92 g,1.100 g,1.731 g,0.494 g,9.00 mg,73.32 g
5137,"Salad dressing, KRAFT MIRACLE WHIP FREE Nonfat Dressing",100 g,84,2.7g,0.6g,9mg,0.20 g,0,0,0,0,0,0,0,0,0,0,0,0,0,0,0,0,0,0,0,15.50 g,1.9 g,10.30 g,0,0,0,0,0,0,2.70 g,0.600 g,0,0,9.00 mg,78.70 g
4318,"Beverages, prepared with whole milk, chocolate syrup",100 g,90,3g,1.7g,9mg,3.07 g,0.099 g,0.077 g,0.227 g,0.017 g,0.592 g,0.075 g,0.068 g,0,0.151 g,0.243 g,0.132 g,0.067 g,0.138 g,0.304 g,0.101 g,0.132 g,0.068 g,0.140 g,0.179 g,12.78 g,0.3 g,11.31 g,0,0,0,0,0,0,2.96 g,1.681 g,0.740 g,0.172 g,9.00 mg,80.51 g
5367,"KEEBLER, Original Chocolate Chip Cookies, CHIPS DELUXE",100 g,517,28g,11g,9mg,5.50 g,0,0,0,0,0,0,0,0,0,0,0,0,0,0,0,0,0,0,0,62.70 g,2.9 g,30.10 g,0,0,0,0,0,0,28.30 g,11.100 g,7.200 g,8.200 g,9.00 mg,2.80 g
5316,"KASHI Mushroom & Asparagus Risotto, unprepared, frozen",100 g,116,3.7g,1.9g,9mg,4.30 g,0,0,0,0,0,0,0,0,0,0,0,0,0,0,0,0,0,0,0,17.00 g,2.6 g,1.30 g,0,0,0,0,0,0,3.70 g,1.900 g,0.700 g,0.400 g,9.00 mg,74.60 g
2874,"CAMPBELL'S, condensed, Cream of Chicken Soup",100 g,103,8g,2.1g,9mg,1.76 g,0,0,0,0,0,0,0,0,0,0,0,0,0,0,0,0,0,0,0,6.03 g,4.1 g,0.33 g,0,0,0,0,0,0,7.98 g,2.110 g,3.750 g,1.740 g,9.00 mg,82.45 g
2220,"Candies, milk chocolate coated peanuts",100 g,519,34g,15g,9mg,13.10 g,0,0,0,0,0,0,0,0,0,0,0,0,0,0,0,0,0,0,0,49.70 g,4.7 g,37.59 g,0,0,0,0,0,0,33.50 g,14.600 g,12.920 g,4.330 g,9.00 mg,1.90 g
3447,"Crackers, sandwich-type with cheese filling, rye",100 g,481,22g,6g,9mg,9.20 g,0.319 g,0.396 g,0.510 g,0.185 g,2.729 g,0.330 g,0.208 g,0,0.354 g,0.649 g,0.333 g,0.161 g,0.442 g,0.972 g,0.459 g,0.286 g,0.115 g,0.273 g,0.417 g,60.80 g,3.6 g,0,0,0,0,0,0,0,22.30 g,5.987 g,12.236 g,2.863 g,9.00 mg,3.80 g
5526,"Puddings, prepared with whole milk, regular, dry mix, chocolate",100 g,120,3.2g,1.8g,9mg,3.16 g,0,0,0,0,0,0,0,0,0,0,0,0,0,0,0,0,0,0,0,19.64 g,0.8 g,11.96 g,0,0,0,0,0,0,3.15 g,1.810 g,0.819 g,0.180 g,9.00 mg,73.13 g
8346,"Infant formula, with ARA and DHA, ready-to-feed, with iron, ADVANCE 24, SPECIAL CARE, SIMILAC, ABBOTT NUTRITION",100 g,71,3.3g,2.1g,2mg,1.80 g,0,0,0,0,0,0,0,0,0,0,0,0,0,0,0,0,0,0,0,8.73 g,0.0 g,8.30 g,0,0,0,8.30 g,0,0,3.26 g,2.120 g,0.324 g,0.737 g,2.00 mg,85.61 g
1000,"Candies, KIT KAT Wafer Bar",100 g,518,26g,18g,11mg,6.51 g,0.200 g,0.200 g,0.470 g,0.120 g,1.520 g,0.160 g,0.110 g,0.000 g,0.280 g,0.520 g,0.280 g,0.160 g,0.270 g,0.650 g,0.320 g,0.190 g,0.090 g,0.150 g,0.360 g,64.59 g,1.0 g,48.68 g,0.20 g,0.00 g,0.16 g,8.21 g,0.07 g,40.04 g,25.99 g,17.953 g,5.844 g,0.895 g,11.00 mg,1.63 g
7546,"Infant formula, with ARA and DHA, ready-to-feed, ADVANCE, NATURAL CARE, SIMILAC, ABBOTT NUTRITION",100 g,78,4.2g,2.5g,2mg,2.12 g,0,0,0,0,0,0,0,0,0,0,0,0,0,0,0,0,0,0,0,8.20 g,0.0 g,8.20 g,0,0,0,8.20 g,0,0,4.24 g,2.544 g,0.402 g,0.842 g,2.00 mg,85.07 g
668,Eggnog,100 g,88,4.2g,2.6g,59mg,4.55 g,0.199 g,0.191 g,0.400 g,0.057 g,0.775 g,0.128 g,0.108 g,0,0.237 g,0.383 g,0.257 g,0.120 g,0.225 g,0.349 g,0.241 g,0.201 g,0.085 g,0.199 g,0.289 g,8.05 g,0.0 g,8.05 g,0.04 g,0.04 g,0.07 g,7.84 g,0.04 g,0.04 g,4.19 g,2.591 g,1.302 g,0.198 g,59.00 mg,82.54 g
4381,"Crackers, sandwich-type with cheese filling, cheese",100 g,490,24g,4.8g,6mg,8.92 g,0.298 g,0.292 g,0.518 g,0.155 g,2.161 g,0.236 g,0.175 g,0,0.357 g,0.638 g,0.386 g,0.151 g,0.350 g,0.768 g,0.401 g,0.330 g,0.110 g,0.249 g,0.381 g,58.76 g,1.9 g,12.33 g,0.00 g,0.00 g,0.00 g,7.74 g,1.49 g,3.09 g,24.41 g,4.810 g,14.307 g,2.327 g,6.00 mg,4.81 g
5558,"Infant formula, ready-to-feed, with iron, ENFAMIL, MEAD JOHNSON",100 g,63,3.5g,1.5g,1mg,1.38 g,0,0,0,0,0,0,0,0,0,0,0,0,0,0,0,0,0,0,0,7.20 g,0.0 g,7.18 g,0,0,0,7.18 g,0,0,3.50 g,1.469 g,1.330 g,0.670 g,1.00 mg,88.00 g
5669,"Infant formula, ready-to-feed, low iron, ENFAMIL, MEAD JOHNSON",100 g,63,3.5g,1.5g,1mg,1.38 g,0,0,0,0,0,0,0,0,0,0,0,0,0,0,0,0,0,0,0,7.18 g,0.0 g,7.18 g,0,0,0,7.18 g,0,0,3.50 g,1.479 g,1.291 g,0.689 g,1.00 mg,88.00 g
8035,"Infant formula, with ARA and DHA, ready to feed, low iron, LIPIL, ENFAMIL, MEAD JOHNSON",100 g,64,3.5g,1.5g,1mg,1.38 g,0,0,0,0,0,0,0,0,0,0,0,0,0,0,0,0,0,0,0,7.18 g,0.0 g,7.18 g,0,0,0,7.18 g,0,0,3.50 g,1.453 g,1.255 g,0.670 g,1.00 mg,88.35 g
5706,"Macaroni and cheese dinner with dry sauce mix, uncooked, boxed",100 g,379,4.8g,1.2g,7mg,13.86 g,0.472 g,0.504 g,0.760 g,0.179 g,4.554 g,0.444 g,0.327 g,0.000 g,0.581 g,1.082 g,0.405 g,0.167 g,0.692 g,1.785 g,0.728 g,0.492 g,0.221 g,0.223 g,0.639 g,70.12 g,3.2 g,9.61 g,0.00 g,0.00 g,0.00 g,6.90 g,2.39 g,0.32 g,4.82 g,1.151 g,0.665 g,0.813 g,7.00 mg,8.05 g
6424,"Infant formula, ready-to-feed, with iron, SIMILAC, ABBOTT NUTRITION",100 g,65,3.6g,1.2g,2mg,1.36 g,0,0,0,0,0,0,0,0,0,0,0,0,0,0,0,0,0,0,0,6.92 g,0.0 g,6.90 g,0,0,0,6.90 g,0,0,3.55 g,1.237 g,1.314 g,0.801 g,2.00 mg,87.79 g
6930,"Infant formula, with ARA and DHA, ready-to-feed, SIMILAC NEOSURE, ABBOTT NUTRITION",100 g,69,3.8g,2.4g,2mg,1.92 g,0,0,0,0,0,0,0,0,0,0,0,0,0,0,0,0,0,0,0,6.94 g,0.0 g,6.90 g,0,0,0,6.90 g,0,0,3.77 g,2.447 g,0.387 g,0.844 g,2.00 mg,87.00 g
7212,"Infant formula, ready-to-feed, with iron, ADVANCE, SIMILAC, ABBOTT NUTRITION",100 g,66,3.7g,1.2g,2mg,1.36 g,0,0,0,0,0,0,0,0,0,0,0,0,0,0,0,0,0,0,0,6.77 g,0.0 g,6.90 g,0,0,0,6.90 g,0,0,3.70 g,1.237 g,1.314 g,0.801 g,2.00 mg,87.79 g
2195,"McDONALD'S, McFLURRY with M&M'S CANDIES",100 g,177,6.5g,3.4g,16mg,4.02 g,0,0,0,0,0,0,0,0,0,0,0,0,0,0,0,0,0,0,0,26.82 g,0.2 g,24.37 g,0.21 g,0.00 g,0.75 g,6.23 g,0.28 g,16.90 g,6.46 g,3.402 g,1.670 g,0.282 g,16.00 mg,61.74 g
5458,"Light Ice Cream, blended with milk chocolate candies, soft serve",100 g,182,6.5g,3.6g,16mg,4.02 g,0,0,0,0,0,0,0,0,0,0,0,0,0,0,0,0,0,0,0,26.82 g,0.2 g,24.37 g,0.21 g,0.00 g,0.75 g,6.23 g,0.28 g,16.90 g,6.46 g,3.633 g,1.670 g,0.282 g,16.00 mg,61.74 g
6608,"Cheese product, vitamin D fortified, American, pasteurized process",100 g,312,23g,13g,78mg,17.12 g,0,0,0,0,0,0,0,0,0,0,0,0,0,0,0,0,0,0,0,8.80 g,0.0 g,6.19 g,0.00 g,0.14 g,0.00 g,6.05 g,0.00 g,0.00 g,23.11 g,13.341 g,6.243 g,1.005 g,78.00 mg,44.22 g
5092,"Infant formula, powder, with iron, ENFAMIL, MEAD JOHNSON",100 g,520,27g,12g,17mg,10.80 g,0,0,0,0,0,0,0,0,0,0,0,0,0,0,0,0,0,0,0,56.20 g,0.0 g,56.00 g,0,0,0,56.00 g,0,0,27.00 g,11.500 g,10.300 g,5.200 g,17.00 mg,3.30 g
6964,"Infant formula, with ARA and DHA, powder, with iron, LIPIL, ENFAMIL, MEAD JOHNSON",100 g,511,27g,11g,17mg,10.80 g,0,0,0,0,0,0,0,0,0,0,0,0,0,0,0,0,0,0,0,56.20 g,0.0 g,56.00 g,0,0,0,56.00 g,0,0,27.00 g,11.221 g,9.899 g,5.240 g,17.00 mg,3.30 g
7325,"Infant formula, not reconstituted, powder, low iron, ENFAMIL, MEAD JOHNSON",100 g,511,27g,12g,17mg,10.80 g,0,0,0,0,0,0,0,0,0,0,0,0,0,0,0,0,0,0,0,56.20 g,0.0 g,56.00 g,0,0,0,56.00 g,0,0,27.00 g,11.500 g,10.000 g,5.300 g,17.00 mg,3.30 g
7041,"Infant formula, not reconstituted, powder, with iron, SIMILAC, ABBOTT NUTRITION",100 g,522,29g,9.9g,14mg,10.89 g,0,0,0,0,0,0,0,0,0,0,0,0,0,0,0,0,0,0,0,54.73 g,0.0 g,54.73 g,0,0,0,55.53 g,0,0,28.87 g,9.873 g,10.491 g,6.396 g,14.00 mg,2.25 g
7954,"Infant formula, not reconstituted, powder, with iron, ADVANCE, SIMILAC, ABBOTT NUTRITION",100 g,522,29g,9.9g,14mg,10.89 g,0,0,0,0,0,0,0,0,0,0,0,0,0,0,0,0,0,0,0,54.73 g,0.0 g,54.73 g,0,0,0,55.53 g,0,0,28.87 g,9.873 g,10.491 g,6.396 g,14.00 mg,2.25 g
3089,"Whale, dried (Alaska Native), meat, beluga",100 g,327,5.3g,1.2g,122mg,69.86 g,4.268 g,3.838 g,5.841 g,0.419 g,9.595 g,4.079 g,2.999 g,0,2.684 g,5.778 g,6.313 g,1.353 g,2.947 g,3.481 g,2.422 g,2.726 g,0.797 g,1.887 g,2.810 g,0.00 g,0.0 g,0.00 g,0.00 g,0.00 g,0.00 g,0.00 g,0.00 g,0.00 g,5.34 g,1.204 g,3.345 g,0.319 g,122.00 mg,22.39 g
4401,"Seal, dried (Alaska Native), meat, bearded (Oogruk)",100 g,351,2.3g,0.6g,0,82.60 g,4.725 g,4.655 g,6.877 g,0.444 g,11.041 g,4.351 g,2.947 g,0,3.134 g,6.386 g,6.690 g,1.684 g,3.275 g,3.789 g,2.994 g,3.228 g,0.795 g,2.152 g,3.228 g,0.00 g,0.0 g,0.00 g,0.00 g,0.00 g,0.00 g,0.00 g,0.00 g,0.00 g,2.30 g,0.600 g,1.330 g,0.370 g,0,11.60 g
213,Soy protein isolate,100 g,335,3.4g,0.4g,0,88.32 g,3.589 g,6.670 g,10.203 g,1.046 g,17.452 g,3.603 g,2.303 g,0,4.253 g,6.783 g,5.327 g,1.130 g,4.593 g,4.960 g,4.593 g,3.137 g,1.116 g,3.222 g,4.098 g,0.00 g,0.0 g,0.00 g,0,0,0,0,0,0,3.39 g,0.422 g,0.645 g,1.648 g,0.00 mg,4.98 g
1378,"Soy protein isolate, potassium type",100 g,321,0.5g,0.1g,0,88.32 g,3.589 g,6.670 g,10.203 g,1.046 g,17.452 g,3.603 g,2.303 g,0,4.253 g,6.783 g,5.327 g,1.130 g,4.593 g,4.960 g,4.593 g,3.137 g,1.116 g,3.222 g,4.098 g,2.59 g,0.0 g,0.00 g,0,0,0,0,0,0,0.53 g,0.077 g,0.117 g,0.299 g,0.00 mg,4.98 g
5806,"Seal, partially dried (Alaska Native), meat, bearded (Oogruk)",100 g,270,2.3g,0g,0,62.38 g,3.568 g,3.515 g,5.193 g,0.336 g,8.337 g,3.285 g,2.226 g,0,2.367 g,4.822 g,5.052 g,1.272 g,2.473 g,2.862 g,2.261 g,2.438 g,0.601 g,1.625 g,2.438 g,0.00 g,0,0.00 g,0.00 g,0.00 g,0.00 g,0.00 g,0.00 g,0.00 g,2.31 g,0,0,0,0,34.92 g
3893,"Egg, glucose reduced, stabilized, dried, white",100 g,357,0.3g,0.1g,0,84.08 g,5.126 g,4.888 g,9.139 g,2.212 g,11.656 g,3.047 g,2.050 g,0,4.411 g,7.358 g,5.901 g,2.991 g,5.129 g,3.238 g,6.159 g,3.629 g,1.427 g,3.414 g,5.725 g,4.51 g,0.0 g,0.00 g,0.00 g,0.00 g,0.00 g,0.00 g,0.00 g,0.00 g,0.32 g,0.118 g,0.125 g,0.045 g,0.00 mg,5.48 g
5357,"Egg, glucose reduced, stabilized, powder, dried, white",100 g,376,0g,0g,0,82.40 g,5.313 g,4.812 g,7.291 g,2.044 g,11.496 g,3.085 g,1.872 g,0,5.023 g,7.172 g,5.076 g,3.204 g,5.181 g,3.098 g,6.078 g,3.665 g,1.266 g,3.309 g,6.170 g,4.47 g,0.0 g,0.00 g,0,0,0,0,0,0,0.04 g,0.000 g,0.000 g,0.000 g,0.00 mg,8.54 g
2370,"Fish, dried and salted, Atlantic, cod",100 g,290,2.4g,0.5g,152mg,62.82 g,3.799 g,3.759 g,6.433 g,0.673 g,9.378 g,3.015 g,1.849 g,0,2.895 g,5.106 g,5.769 g,1.859 g,2.452 g,2.221 g,2.563 g,2.754 g,0.704 g,2.121 g,3.236 g,0.00 g,0.0 g,0.00 g,0,0,0,0,0,0,2.37 g,0.462 g,0.342 g,0.804 g,152.00 mg,16.14 g
389,"Egg, dried, white",100 g,382,0g,0g,0,81.10 g,4.684 g,4.412 g,8.253 g,2.102 g,10.770 g,2.842 g,1.830 g,0,4.581 g,6.838 g,5.515 g,2.790 g,4.736 g,3.153 g,5.593 g,3.685 g,0.999 g,3.153 g,5.164 g,7.80 g,0.0 g,5.40 g,0,0,0,0,0,0,0.00 g,0.000 g,0.000 g,0.000 g,0.00 mg,5.80 g
5356,"Egg, glucose reduced, stabilized, flakes, dried, white",100 g,351,0g,0g,0,76.92 g,4.960 g,4.492 g,6.806 g,1.908 g,10.732 g,2.880 g,1.748 g,0,4.689 g,6.695 g,4.738 g,2.991 g,4.837 g,2.892 g,5.674 g,3.421 g,1.181 g,3.089 g,5.760 g,4.17 g,0.0 g,0.00 g,0,0,0,0,0,0,0.04 g,0.000 g,0.000 g,0.000 g,0.00 mg,14.62 g
1016,"Cheese, shredded, parmesan",100 g,415,27g,17g,72mg,37.86 g,1.218 g,1.531 g,2.599 g,0.274 g,9.543 g,0.723 g,1.609 g,0,2.202 g,4.013 g,3.843 g,1.114 g,2.234 g,4.860 g,2.404 g,1.531 g,0.560 g,2.319 g,2.853 g,3.41 g,0.0 g,0.90 g,0,0,0,0,0,0,27.34 g,17.370 g,8.734 g,0.661 g,72.00 mg,25.00 g
2215,"Pork, microwaved, cooked, bacon, cured",100 g,476,34g,12g,111mg,39.01 g,2.235 g,2.514 g,3.649 g,0.440 g,5.960 g,1.763 g,1.587 g,0.136 g,1.847 g,3.211 g,3.470 g,1.069 g,1.621 g,1.577 g,1.629 g,1.716 g,0.464 g,1.546 g,1.973 g,0.48 g,0.0 g,0.00 g,0,0,0,0,0,0,34.12 g,11.644 g,15.235 g,5.602 g,111.00 mg,20.38 g
3874,"Soy protein concentrate, produced by acid wash",100 g,328,0.5g,0.1g,0,63.63 g,2.677 g,4.642 g,7.249 g,0.886 g,12.013 g,2.688 g,1.578 g,0,2.942 g,4.917 g,3.929 g,0.814 g,3.278 g,3.298 g,3.369 g,2.474 g,0.835 g,2.301 g,3.064 g,25.41 g,5.5 g,20.00 g,0,0,0,0,0,0,0.46 g,0.052 g,0.079 g,0.201 g,0.00 mg,5.80 g
5150,"Soy protein concentrate, produced by alcohol extraction",100 g,328,0.5g,0.1g,0,63.63 g,2.677 g,4.642 g,7.249 g,0.886 g,12.013 g,2.688 g,1.578 g,0,2.942 g,4.917 g,3.929 g,0.814 g,3.278 g,3.298 g,3.369 g,2.474 g,0.835 g,2.301 g,3.064 g,25.41 g,5.5 g,20.00 g,0,0,0,0,0,0,0.46 g,0.052 g,0.079 g,0.201 g,0.00 mg,5.80 g
2853,"Seeds, low fat (glandless), cottonseed flour",100 g,332,1.4g,0.3g,0,49.83 g,2.313 g,6.732 g,5.425 g,1.307 g,12.476 g,2.416 g,1.570 g,0,1.796 g,3.404 g,2.529 g,0.809 g,3.103 g,2.125 g,2.492 g,1.843 g,0.752 g,1.796 g,2.557 g,36.10 g,0,0,0,0,0,0,0,0,1.41 g,0.310 g,0.221 g,0.577 g,0.00 mg,6.90 g
5387,"Seeds, partially defatted (glandless), cottonseed meal",100 g,367,4.8g,1.2g,0,49.10 g,2.279 g,6.633 g,5.345 g,1.288 g,12.293 g,2.381 g,1.547 g,0,1.769 g,3.354 g,2.492 g,0.797 g,3.057 g,2.094 g,2.455 g,1.816 g,0.741 g,1.769 g,2.520 g,38.43 g,0,0,0,0,0,0,0,0,4.77 g,1.207 g,0.861 g,2.248 g,0.00 mg,1.20 g
2602,"Beverages, Protein powder soy based",100 g,388,5.6g,1.1g,0,55.56 g,2.433 g,4.273 g,6.576 g,0.722 g,10.849 g,2.367 g,1.511 g,0,2.762 g,4.602 g,3.551 g,0.722 g,2.958 g,2.893 g,2.958 g,2.169 g,0.722 g,2.169 g,2.827 g,28.89 g,6.7 g,22.22 g,0,0,0,0,0,0,5.56 g,1.111 g,1.057 g,2.701 g,0.00 mg,4.13 g
1770,"Game meat, roasted, cooked, deer",100 g,158,3.2g,1.3g,112mg,30.21 g,1.885 g,2.175 g,2.803 g,0.338 g,4.389 g,1.546 g,1.494 g,0,1.194 g,2.566 g,2.639 g,0.745 g,1.233 g,1.557 g,1.281 g,1.421 g,0,1.069 g,1.412 g,0.00 g,0.0 g,0,0,0,0,0,0,0,3.19 g,1.250 g,0.880 g,0.620 g,112.00 mg,65.23 g
883,"Seeds, low-fat, sesame flour",100 g,333,1.8g,0.2g,0,50.14 g,2.620 g,7.436 g,4.654 g,1.012 g,11.182 g,3.434 g,1.476 g,0,2.157 g,3.841 g,1.608 g,1.656 g,2.658 g,2.289 g,2.734 g,2.081 g,1.097 g,2.100 g,2.800 g,35.51 g,0,0,0,0,0,0,0,0,1.75 g,0.201 g,0.543 g,0.630 g,0.00 mg,7.10 g
2257,"Game meat, roasted, cooked, wild, boar",100 g,160,4.4g,1.3g,77mg,28.30 g,1.675 g,1.965 g,2.626 g,0.367 g,4.396 g,1.290 g,1.435 g,0,1.367 g,2.300 g,2.789 g,0.697 g,1.132 g,1.073 g,1.164 g,1.331 g,0.380 g,1.010 g,1.517 g,0.00 g,0.0 g,0.00 g,0,0,0,0,0,0,4.38 g,1.300 g,1.710 g,0.640 g,77.00 mg,63.87 g
1930,"Snacks, cheese-flavor, popcorn",100 g,526,33g,6.4g,11mg,9.30 g,0.580 g,0.391 g,0.718 g,0.160 g,1.729 g,0.308 g,0.252 g,0,0.402 g,1.024 g,0.443 g,0.191 g,0.405 g,0.743 g,0.446 g,0.417 g,0.094 g,0.349 g,0.489 g,51.60 g,9.9 g,0.79 g,0,0,0,0,0,0,33.20 g,6.410 g,9.700 g,15.370 g,11.00 mg,2.50 g
2467,"Bananas, or banana powder, dehydrated",100 g,346,1.8g,0.7g,0,3.89 g,0.222 g,0.176 g,0.503 g,0.063 g,0.399 g,0.190 g,0.333 g,0,0.167 g,0.359 g,0.162 g,0.074 g,0.201 g,0.229 g,0.226 g,0.171 g,0,0.121 g,0.282 g,88.28 g,9.9 g,47.30 g,0,0,0,0,0,0,1.81 g,0.698 g,0.153 g,0.337 g,0.00 mg,3.00 g
1257,"Nuts, blanched, almonds",100 g,590,53g,4g,0,21.40 g,1.007 g,2.483 g,2.751 g,0.284 g,5.206 g,1.478 g,0.596 g,0,0.696 g,1.479 g,0.605 g,0.190 g,1.156 g,0.975 g,1.012 g,0.682 g,0.193 g,0.533 g,0.805 g,18.67 g,9.9 g,4.63 g,0.00 g,0.00 g,0.03 g,0.00 g,0.14 g,4.46 g,52.52 g,3.953 g,33.415 g,12.368 g,0.00 mg,4.51 g
186,"Grape leaves, canned",100 g,69,2g,0.3g,0,4.27 g,0,0,0,0,0,0,0,0,0,0,0,0,0,0,0,0,0,0,0,11.71 g,9.9 g,0,0,0,0,0,0,0,1.97 g,0.312 g,0.076 g,0.989 g,0.00 mg,76.10 g
3556,"Cereals, dry, Whole Wheat Natural Cereal, QUAKER",100 g,333,2g,0.4g,0,11.80 g,0,0,0,0,0,0,0,0,0,0,0,0,0,0,0,0,0,0,0,74.80 g,9.9 g,2.00 g,0,0,0,0,0,0,2.00 g,0.419 g,0.309 g,1.176 g,0.00 mg,9.80 g
5274,"Cereals ready-to-eat, KELLOGG'S KRAVE chocolate cereal",100 g,397,11g,2.5g,1mg,7.00 g,0,0,0,0,0,0,0,0,0,0,0,0,0,0,0,0,0,0,0,76.10 g,9.9 g,35.70 g,0,0,0,0,0,0,11.10 g,2.500 g,2.800 g,5.200 g,1.00 mg,3.50 g
6402,"Cereals ready-to-eat, Natural Granola Apple Cranberry Almond, QUAKER",100 g,418,11g,1.1g,2mg,9.21 g,0,0,0,0,0,0,0,0,0,0,0,0,0,0,0,0,0,0,0,74.73 g,9.9 g,27.43 g,0,0,0,0,0,0,11.06 g,1.130 g,6.390 g,3.000 g,2.00 mg,3.21 g
4161,"Incaparina, unprepared, dry mix (corn and soy flours)",100 g,379,5.6g,0g,0,21.75 g,1.320 g,1.745 g,2.585 g,0.145 g,4.785 g,1.070 g,0.675 g,0.000 g,0.945 g,2.410 g,1.465 g,0.440 g,1.300 g,1.045 g,1.380 g,0.715 g,0.260 g,0.740 g,1.150 g,60.53 g,9.9 g,0,0,0,0,0,0,0,5.58 g,0,0,0,0,7.47 g
6490,"Nuts, packaged, flaked, sweetened, dried (desiccated), coconut meat",100 g,456,28g,26g,0,3.13 g,0.168 g,0.536 g,0.339 g,0.030 g,0.775 g,0.158 g,0.074 g,0.000 g,0.067 g,0.188 g,0.146 g,0.060 g,0.131 g,0.164 g,0.218 g,0.084 g,0.020 g,0.057 g,0.120 g,51.85 g,9.9 g,36.75 g,0.01 g,0.00 g,0.53 g,0.00 g,0.00 g,36.21 g,27.99 g,26.396 g,1.377 g,0.222 g,0.00 mg,15.46 g
5186,"KELLOGG'S, Sour Cream & Onion, Cracker Chips, SPECIAL K",100 g,365,8g,2.2g,2mg,7.10 g,0,0,0,0,0,0,0,0,0,0,0,0,0,0,0,0,0,0,0,74.30 g,9.8 g,3.50 g,0,0,0,0,0,0,8.00 g,2.200 g,2.000 g,3.700 g,2.00 mg,2.80 g
3019,"KELLOGG'S, Savory Herb Crackers, SPECIAL K",100 g,406,10g,1.5g,0,10.90 g,0,0,0,0,0,0,0,0,0,0,0,0,0,0,0,0,0,0,0,73.80 g,9.8 g,10.60 g,0,0,0,0,0,0,10.00 g,1.500 g,2.200 g,5.100 g,0.00 mg,2.50 g
3018,"Hazelnuts, beaked (Northern Plains Indians)",100 g,628,53g,0g,0,14.89 g,0,0,0,0,0,0,0,0,0,0,0,0,0,0,0,0,0,0,0,22.98 g,9.8 g,0,0,0,0,0,0,0,52.99 g,0,0,0,0,5.92 g
3515,"Cereals ready-to-eat, KELLOGG SCOOBY-DOO! cereal",100 g,376,4.1g,0.6g,0,8.60 g,0,0,0,0,0,0,0,0,0,0,0,0,0,0,0,0,0,0,0,84.00 g,9.8 g,18.50 g,0,0,0,0,0,0,4.09 g,0.600 g,1.600 g,1.700 g,0.00 mg,2.29 g
4729,"Cereals, Regular, Instant Oatmeal Organic, QUAKER",100 g,367,6.3g,1.1g,0,16.00 g,0,0,0,0,0,0,0,0,0,0,0,0,0,0,0,0,0,0,0,67.00 g,9.8 g,1.00 g,0,0,0,0,0,0,6.30 g,1.110 g,1.980 g,2.300 g,0.00 mg,8.80 g
4308,"PEPPERIDGE FARM, Whole Grain Honey Whole Wheat Bread",100 g,263,3.5g,0.9g,1mg,0.01 g,0,0,0,0,0,0,0,0,0,0,0,0,0,0,0,0,0,0,0,47.70 g,9.8 g,8.10 g,0,0,0,0,0,0,3.50 g,0.900 g,0.700 g,1.900 g,1.00 mg,37.40 g
77,"Figs, uncooked, dried",100 g,249,0.9g,0.1g,0,3.30 g,0.134 g,0.077 g,0.645 g,0.036 g,0.295 g,0.108 g,0.037 g,0,0.089 g,0.128 g,0.088 g,0.034 g,0.076 g,0.610 g,0.128 g,0.085 g,0.020 g,0.041 g,0.122 g,63.87 g,9.8 g,47.92 g,22.93 g,0.13 g,24.79 g,0.00 g,0.00 g,0.07 g,0.93 g,0.144 g,0.159 g,0.345 g,0.00 mg,30.05 g
3139,"PEPPERIDGE FARM, Whole Grain Oatmeal Bread",100 g,258,3.7g,0.9g,0,0.01 g,0,0,0,0,0,0,0,0,0,0,0,0,0,0,0,0,0,0,0,46.50 g,9.8 g,7.20 g,0,0,0,0,0,0,3.70 g,0.900 g,0.700 g,1.900 g,0.00 mg,38.75 g
3948,"Tortillas, whole wheat, ready-to-bake or -fry",100 g,310,9.8g,4.9g,0,9.76 g,0.400 g,0.480 g,0.626 g,0.187 g,2.871 g,0.429 g,0.255 g,0,0.353 g,0.671 g,0.370 g,0.163 g,0.488 g,1.307 g,0.462 g,0.312 g,0.129 g,0.217 g,0.444 g,45.89 g,9.8 g,2.44 g,0,0,0,0,0,0,9.76 g,4.878 g,3.062 g,0.992 g,0.00 mg,30.15 g
806,"Kanpyo, (dried gourd strips)",100 g,258,0.6g,0g,0,8.58 g,0,0,0,0,0,0,0,0,0,0,0,0,0,0,0,0,0,0,0,65.03 g,9.8 g,0,0,0,0,0,0,0,0.56 g,0.045 g,0.103 g,0.244 g,0.00 mg,19.97 g
6137,"Cereals ready-to-eat, presweetened with nuts and fruits, wheat and bran",100 g,385,5.6g,0.8g,0,7.10 g,0,0,0,0,0,0,0,0,0,0,0,0,0,0,0,0,0,0,0,76.20 g,9.7 g,23.60 g,0,0,0,0,0,0,5.60 g,0.800 g,1.951 g,2.293 g,0.00 mg,8.50 g
3955,"Cranberry sauce, OCEAN SPRAY, canned, jellied",100 g,160,0g,0g,0,1.05 g,0,0,0,0,0,0,0,0,0,0,0,0,0,0,0,0,0,0,0,40.61 g,1.0 g,32.20 g,9.80 g,0.00 g,17.80 g,0.00 g,4.50 g,0.10 g,0.04 g,0.007 g,0.007 g,0.028 g,0.00 mg,58.20 g
1509,"Cranberry sauce, sweetened, canned",100 g,159,0.2g,0g,0,0.90 g,0,0,0,0,0,0,0,0,0,0,0,0,0,0,0,0,0,0,0,40.40 g,1.1 g,31.75 g,9.75 g,0.00 g,17.45 g,0.00 g,4.45 g,0.10 g,0.15 g,0.007 g,0.007 g,0.031 g,0.00 mg,58.45 g
2913,"Cranberry sauce, OCEAN SPRAY, canned, whole",100 g,158,0.1g,0g,0,0.75 g,0,0,0,0,0,0,0,0,0,0,0,0,0,0,0,0,0,0,0,40.40 g,1.2 g,31.30 g,9.70 g,0.00 g,17.10 g,0.00 g,4.40 g,0.10 g,0.05 g,0.007 g,0.007 g,0.034 g,0.00 mg,58.70 g
759,"McDONALD'S, Hot Mustard Sauce",100 g,190,7.3g,1g,0,2.60 g,0,0,0,0,0,0,0,0,0,0,0,0,0,0,0,0,0,0,0,29.08 g,5.0 g,21.76 g,9.57 g,0.00 g,11.20 g,0.00 g,0.29 g,0.70 g,7.31 g,0.987 g,1.724 g,3.406 g,0,58.65 g
522,"Jackfruit, raw",100 g,95,0.6g,0.2g,0,1.72 g,0.086 g,0.138 g,0.172 g,0.017 g,0.189 g,0.086 g,0.034 g,0,0.069 g,0.103 g,0.069 g,0.034 g,0.052 g,0.017 g,0.103 g,0.086 g,0.034 g,0.103 g,0.086 g,23.25 g,1.5 g,19.08 g,9.19 g,0.00 g,9.48 g,0.00 g,0.00 g,0.42 g,0.64 g,0.195 g,0.155 g,0.094 g,0.00 mg,73.46 g
3427,"Snacks, fruit, NUTRI-GRAIN Cereal Bars, KELLOGG'S",100 g,365,8.7g,1.4g,0,4.22 g,0,0,0,0,0,0,0,0,0,0,0,0,0,0,0,0,0,0,0,67.61 g,3.0 g,28.98 g,9.19 g,0.00 g,12.43 g,1.08 g,2.18 g,4.10 g,8.67 g,1.442 g,1.989 g,4.544 g,0.00 mg,16.70 g
3691,"Blueberries, drained, heavy syrup, canned, wild",100 g,107,0.3g,0g,0,0.56 g,0,0,0,0,0,0,0,0,0,0,0,0,0,0,0,0,0,0,0,28.32 g,4.9 g,19.28 g,9.02 g,0.00 g,10.13 g,0.00 g,0.12 g,0.01 g,0.34 g,0,0,0,0,70.63 g
5881,"Pickles, sweet (includes bread and butter pickles), cucumber",100 g,91,0.4g,0.1g,0,0.58 g,0.026 g,0.031 g,0.042 g,0.010 g,0.169 g,0.026 g,0.007 g,0,0.021 g,0.026 g,0.031 g,0.010 g,0.021 g,0.010 g,0.031 g,0.021 g,0.010 g,0.010 g,0.021 g,21.15 g,1.0 g,18.27 g,8.81 g,0.00 g,9.17 g,0.00 g,0.29 g,0.00 g,0.41 g,0.067 g,0.004 g,0.106 g,0.00 mg,76.20 g
282,"Catsup, low sodium",100 g,101,0.1g,0g,0,1.04 g,0.033 g,0.016 g,0.133 g,0.005 g,0.349 g,0.016 g,0.013 g,0,0.014 g,0.021 g,0.023 g,0.005 g,0.021 g,0.012 g,0.021 g,0.019 g,0.005 g,0.009 g,0.014 g,27.40 g,0.3 g,21.27 g,8.72 g,0.00 g,10.25 g,0.00 g,0.00 g,2.30 g,0.10 g,0.014 g,0.015 g,0.041 g,0.00 mg,68.51 g
669,Catsup,100 g,101,0.1g,0g,0,1.04 g,0.033 g,0.016 g,0.133 g,0.005 g,0.349 g,0.016 g,0.013 g,0,0.014 g,0.021 g,0.023 g,0.005 g,0.021 g,0.012 g,0.021 g,0.019 g,0.005 g,0.009 g,0.014 g,27.40 g,0.3 g,21.27 g,8.72 g,0.00 g,10.25 g,0.00 g,0.00 g,2.30 g,0.10 g,0.014 g,0.015 g,0.041 g,0.00 mg,68.51 g
3250,"Blueberries, drained, light syrup, canned",100 g,88,0.4g,0g,0,1.04 g,0,0,0,0,0,0,0,0,0,0,0,0,0,0,0,0,0,0,0,22.66 g,2.6 g,17.45 g,8.43 g,0.00 g,8.62 g,0.00 g,0.00 g,0.41 g,0.40 g,0.028 g,0.062 g,0.190 g,0.00 mg,75.72 g
3778,"Sauce, CHA! BY TEXAS PETE, sriracha, hot chile",100 g,108,1g,0g,0,2.02 g,0,0,0,0,0,0,0,0,0,0,0,0,0,0,0,0,0,0,0,22.73 g,2.1 g,15.65 g,8.28 g,0.00 g,7.36 g,0.00 g,0.00 g,0.00 g,0.98 g,0,0,0,0,66.25 g
4835,"Cereals ready-to-eat, CINNAMON TOAST CRUNCH, GENERAL MILLS",100 g,410,10g,1g,0,5.45 g,0.234 g,0.298 g,0.383 g,0.096 g,1.435 g,0.223 g,0.127 g,0,0.191 g,0.372 g,0.085 g,0.085 g,0.245 g,0.393 g,0.266 g,0.181 g,0.074 g,0.138 g,0.255 g,77.99 g,6.8 g,30.30 g,8.20 g,0.00 g,1.59 g,0.00 g,0.00 g,20.52 g,10.25 g,0.975 g,4.920 g,2.110 g,0.00 mg,3.24 g
2030,"Nance, drained, syrup, canned",100 g,95,1.3g,0g,0,0.56 g,0,0,0,0,0,0,0,0,0,0,0,0,0,0,0,0,0,0,0,22.79 g,7.0 g,15.66 g,8.18 g,0.00 g,7.41 g,0.00 g,0.00 g,0.07 g,1.28 g,0,0,0,0,74.85 g
1006,"Sauce, sriracha, hot chile",100 g,93,0.9g,0g,0,1.93 g,0,0,0,0,0,0,0,0,0,0,0,0,0,0,0,0,0,0,0,19.16 g,2.2 g,15.11 g,8.16 g,0.00 g,6.67 g,0.00 g,0.00 g,0.27 g,0.93 g,0,0,0,0,71.84 g
6350,"Grapes, raw, red or green (European type, such as Thompson seedless)",100 g,69,0.2g,0.1g,0,0.72 g,0.022 g,0.130 g,0.038 g,0.010 g,0.081 g,0.016 g,0.022 g,0,0.011 g,0.022 g,0.027 g,0.009 g,0.019 g,0.080 g,0.022 g,0.022 g,0.011 g,0.010 g,0.022 g,18.10 g,0.9 g,15.48 g,8.13 g,0.00 g,7.20 g,0.00 g,0.00 g,0.15 g,0.16 g,0.054 g,0.007 g,0.048 g,0.00 mg,80.54 g
5698,"Cereals, dry, with raisins and spice, fortified, instant, oats",100 g,360,4g,0.6g,0,8.45 g,0,0,0,0,0,0,0,0,0,0,0,0,0,0,0,0,0,0,0,76.33 g,5.7 g,37.14 g,7.78 g,0.10 g,7.65 g,0.10 g,0.10 g,21.41 g,4.03 g,0.639 g,1.207 g,1.274 g,0.00 mg,8.44 g
5209,"Cereals, dry, Raisin and Spice, Instant Oatmeal, QUAKER",100 g,360,4g,0.6g,0,9.11 g,0,0,0,0,0,0,0,0,0,0,0,0,0,0,0,0,0,0,0,75.68 g,5.8 g,35.65 g,7.70 g,0.10 g,7.60 g,0.10 g,0.10 g,20.05 g,4.00 g,0.605 g,1.191 g,1.254 g,0.00 mg,8.45 g
306,"Sapote, raw, mamey",100 g,124,0.5g,0.2g,0,1.45 g,0.073 g,0.049 g,0.147 g,0.012 g,0.147 g,0.073 g,0.049 g,0,0.061 g,0.073 g,0.073 g,0.024 g,0.061 g,0.085 g,0.195 g,0.085 g,0.049 g,0.049 g,0.073 g,32.10 g,5.4 g,20.14 g,7.66 g,0.00 g,8.01 g,0.00 g,0.38 g,4.09 g,0.46 g,0.169 g,0.102 g,0.097 g,0.00 mg,64.87 g
5071,"Orange juice, undiluted, unsweetened, frozen concentrate",100 g,148,0.3g,0.1g,0,2.40 g,0.069 g,0.309 g,0.437 g,0.013 g,0.146 g,0.043 g,0.020 g,0.000 g,0.030 g,0.053 g,0.062 g,0.010 g,0.043 g,0.376 g,0.079 g,0.040 g,0.009 g,0.023 g,0.046 g,35.19 g,1.0 g,29.68 g,7.55 g,0.00 g,6.58 g,0.00 g,0.00 g,15.55 g,0.25 g,0.059 g,0.050 g,0.063 g,0.00 mg,60.57 g
1618,"Gelatins, unsweetened, dry powder",100 g,335,0.1g,0.1g,0,85.60 g,8.009 g,6.616 g,5.265 g,0.000 g,8.753 g,19.049 g,0.662 g,0,1.158 g,2.454 g,3.460 g,0.606 g,1.737 g,12.295 g,2.605 g,1.475 g,0.000 g,0.303 g,2.081 g,0.00 g,0.0 g,0.00 g,0,0,0,0,0,0,0.10 g,0.070 g,0.060 g,0.010 g,0.00 mg,13.00 g
1087,"Snacks, plain, pork skins",100 g,544,31g,11g,95mg,61.30 g,5.811 g,4.841 g,4.469 g,0.529 g,7.625 g,11.917 g,0.725 g,0,1.382 g,3.322 g,2.783 g,0.480 g,1.940 g,7.262 g,2.597 g,1.823 g,0.118 g,1.205 g,2.421 g,0.00 g,0.0 g,0.00 g,0,0,0,0,0,0,31.30 g,11.370 g,14.780 g,3.640 g,95.00 mg,1.80 g
7259,"Gelatin desserts, no added sodium, with aspartame, reduced calorie, dry mix",100 g,345,0g,0g,0,55.30 g,5.790 g,4.784 g,3.807 g,0.000 g,6.328 g,13.773 g,0.478 g,0,0.837 g,1.774 g,2.501 g,0.439 g,1.256 g,8.890 g,1.884 g,1.066 g,0.000 g,0.219 g,1.505 g,33.30 g,0.0 g,0,0,0,0,0,0,0,0.00 g,0.000 g,0,0,0.00 mg,6.70 g
8491,"Gelatin desserts, vitamin C, sodium, potassium, added phosphorus, with aspartame, reduced calorie, dry mix",100 g,345,0g,0g,0,55.30 g,5.790 g,4.784 g,3.807 g,0.000 g,6.328 g,13.773 g,0.478 g,0,0.837 g,1.774 g,2.501 g,0.439 g,1.256 g,8.890 g,1.884 g,1.066 g,0.000 g,0.219 g,1.505 g,33.30 g,0.0 g,0,0,0,0,0,0,0,0.00 g,0.000 g,0,0,0.00 mg,6.70 g
2713,"Snacks, barbecue-flavor, pork skins",100 g,538,32g,12g,115mg,57.90 g,5.472 g,4.547 g,4.295 g,0.514 g,7.302 g,11.036 g,0.719 g,0,1.373 g,3.221 g,2.698 g,0.476 g,1.877 g,6.769 g,2.484 g,1.765 g,0.131 g,1.186 g,2.334 g,1.60 g,0,0,0,0,0,0,0,0,31.80 g,11.560 g,15.030 g,3.450 g,115.00 mg,2.10 g
5357,"Egg, glucose reduced, stabilized, powder, dried, white",100 g,376,0g,0g,0,82.40 g,5.313 g,4.812 g,7.291 g,2.044 g,11.496 g,3.085 g,1.872 g,0,5.023 g,7.172 g,5.076 g,3.204 g,5.181 g,3.098 g,6.078 g,3.665 g,1.266 g,3.309 g,6.170 g,4.47 g,0.0 g,0.00 g,0,0,0,0,0,0,0.04 g,0.000 g,0.000 g,0.000 g,0.00 mg,8.54 g
3893,"Egg, glucose reduced, stabilized, dried, white",100 g,357,0.3g,0.1g,0,84.08 g,5.126 g,4.888 g,9.139 g,2.212 g,11.656 g,3.047 g,2.050 g,0,4.411 g,7.358 g,5.901 g,2.991 g,5.129 g,3.238 g,6.159 g,3.629 g,1.427 g,3.414 g,5.725 g,4.51 g,0.0 g,0.00 g,0.00 g,0.00 g,0.00 g,0.00 g,0.00 g,0.00 g,0.32 g,0.118 g,0.125 g,0.045 g,0.00 mg,5.48 g
5356,"Egg, glucose reduced, stabilized, flakes, dried, white",100 g,351,0g,0g,0,76.92 g,4.960 g,4.492 g,6.806 g,1.908 g,10.732 g,2.880 g,1.748 g,0,4.689 g,6.695 g,4.738 g,2.991 g,4.837 g,2.892 g,5.674 g,3.421 g,1.181 g,3.089 g,5.760 g,4.17 g,0.0 g,0.00 g,0,0,0,0,0,0,0.04 g,0.000 g,0.000 g,0.000 g,0.00 mg,14.62 g
4401,"Seal, dried (Alaska Native), meat, bearded (Oogruk)",100 g,351,2.3g,0.6g,0,82.60 g,4.725 g,4.655 g,6.877 g,0.444 g,11.041 g,4.351 g,2.947 g,0,3.134 g,6.386 g,6.690 g,1.684 g,3.275 g,3.789 g,2.994 g,3.228 g,0.795 g,2.152 g,3.228 g,0.00 g,0.0 g,0.00 g,0.00 g,0.00 g,0.00 g,0.00 g,0.00 g,0.00 g,2.30 g,0.600 g,1.330 g,0.370 g,0,11.60 g
389,"Egg, dried, white",100 g,382,0g,0g,0,81.10 g,4.684 g,4.412 g,8.253 g,2.102 g,10.770 g,2.842 g,1.830 g,0,4.581 g,6.838 g,5.515 g,2.790 g,4.736 g,3.153 g,5.593 g,3.685 g,0.999 g,3.153 g,5.164 g,7.80 g,0.0 g,5.40 g,0,0,0,0,0,0,0.00 g,0.000 g,0.000 g,0.000 g,0.00 mg,5.80 g
1112,"Seaweed, dried, spirulina",100 g,290,7.7g,2.7g,0,57.47 g,4.515 g,4.147 g,5.793 g,0.662 g,8.386 g,3.099 g,1.085 g,0,3.209 g,4.947 g,3.025 g,1.149 g,2.777 g,2.382 g,2.998 g,2.970 g,0.929 g,2.584 g,3.512 g,23.90 g,3.6 g,3.10 g,0,0,0,0,0,0,7.72 g,2.650 g,0.675 g,2.080 g,0.00 mg,4.68 g
3089,"Whale, dried (Alaska Native), meat, beluga",100 g,327,5.3g,1.2g,122mg,69.86 g,4.268 g,3.838 g,5.841 g,0.419 g,9.595 g,4.079 g,2.999 g,0,2.684 g,5.778 g,6.313 g,1.353 g,2.947 g,3.481 g,2.422 g,2.726 g,0.797 g,1.887 g,2.810 g,0.00 g,0.0 g,0.00 g,0.00 g,0.00 g,0.00 g,0.00 g,0.00 g,0.00 g,5.34 g,1.204 g,3.345 g,0.319 g,122.00 mg,22.39 g
2370,"Fish, dried and salted, Atlantic, cod",100 g,290,2.4g,0.5g,152mg,62.82 g,3.799 g,3.759 g,6.433 g,0.673 g,9.378 g,3.015 g,1.849 g,0,2.895 g,5.106 g,5.769 g,1.859 g,2.452 g,2.221 g,2.563 g,2.754 g,0.704 g,2.121 g,3.236 g,0.00 g,0.0 g,0.00 g,0,0,0,0,0,0,2.37 g,0.462 g,0.342 g,0.804 g,152.00 mg,16.14 g
2267,"Fish, dried (Alaska Native), whitefish",100 g,371,13g,2.9g,266mg,62.44 g,3.780 g,3.610 g,5.670 g,0.500 g,8.100 g,4.370 g,1.300 g,0,2.260 g,4.110 g,4.770 g,1.740 g,2.340 g,2.980 g,2.340 g,2.470 g,0.580 g,1.740 g,2.610 g,0.00 g,0.0 g,0.00 g,0.00 g,0.00 g,0.00 g,0.00 g,0.00 g,0.00 g,13.44 g,2.850 g,4.380 g,2.160 g,266.00 mg,20.59 g
213,Soy protein isolate,100 g,335,3.4g,0.4g,0,88.32 g,3.589 g,6.670 g,10.203 g,1.046 g,17.452 g,3.603 g,2.303 g,0,4.253 g,6.783 g,5.327 g,1.130 g,4.593 g,4.960 g,4.593 g,3.137 g,1.116 g,3.222 g,4.098 g,0.00 g,0.0 g,0.00 g,0,0,0,0,0,0,3.39 g,0.422 g,0.645 g,1.648 g,0.00 mg,4.98 g
1378,"Soy protein isolate, potassium type",100 g,321,0.5g,0.1g,0,88.32 g,3.589 g,6.670 g,10.203 g,1.046 g,17.452 g,3.603 g,2.303 g,0,4.253 g,6.783 g,5.327 g,1.130 g,4.593 g,4.960 g,4.593 g,3.137 g,1.116 g,3.222 g,4.098 g,2.59 g,0.0 g,0.00 g,0,0,0,0,0,0,0.53 g,0.077 g,0.117 g,0.299 g,0.00 mg,4.98 g
5806,"Seal, partially dried (Alaska Native), meat, bearded (Oogruk)",100 g,270,2.3g,0g,0,62.38 g,3.568 g,3.515 g,5.193 g,0.336 g,8.337 g,3.285 g,2.226 g,0,2.367 g,4.822 g,5.052 g,1.272 g,2.473 g,2.862 g,2.261 g,2.438 g,0.601 g,1.625 g,2.438 g,0.00 g,0,0.00 g,0.00 g,0.00 g,0.00 g,0.00 g,0.00 g,0.00 g,2.31 g,0,0,0,0,34.92 g
694,"Smelt, dried (Alaska Native)",100 g,386,18g,3.6g,249mg,56.19 g,3.520 g,3.100 g,4.810 g,0.460 g,6.660 g,3.280 g,1.010 g,0,2.150 g,3.820 g,3.690 g,1.240 g,2.010 g,2.360 g,2.450 g,2.390 g,0.510 g,1.570 g,2.660 g,0.00 g,0.0 g,0.00 g,0.00 g,0.00 g,0.00 g,0.00 g,0.00 g,0.00 g,17.90 g,3.590 g,6.860 g,2.884 g,249.00 mg,16.92 g
3567,"Mollusks, moist heat, cooked, unspecified, whelk",100 g,275,0.8g,0.1g,130mg,47.68 g,3.113 g,4.936 g,5.127 g,0.374 g,7.339 g,2.991 g,0.977 g,0,1.655 g,3.807 g,2.930 g,1.205 g,1.648 g,2.365 g,2.220 g,2.136 g,0.618 g,1.518 g,2.075 g,15.52 g,0.0 g,0,0,0,0,0,0,0,0.80 g,0.062 g,0.056 g,0.046 g,130.00 mg,32.00 g
3859,"Egg, glucose reduced, stabilized, dried, whole",100 g,615,44g,13g,2017mg,48.17 g,2.813 g,3.083 g,4.778 g,1.148 g,6.135 g,1.603 g,1.164 g,0,3.014 g,4.231 g,3.252 g,1.557 g,2.721 g,1.911 g,3.661 g,2.366 g,0.771 g,2.004 g,3.468 g,2.38 g,0.0 g,0,0,0,0,0,0,0,43.95 g,13.198 g,17.564 g,5.713 g,2017.00 mg,1.87 g
753,"Egg, scrambled, cooked, whole",100 g,149,11g,3.3g,277mg,9.99 g,0.566 g,0.623 g,1.034 g,0.205 g,1.378 g,0.335 g,0.245 g,0,0.532 g,0.861 g,0.705 g,0.297 g,0.535 g,0.453 g,0.742 g,0.442 g,0.139 g,0.402 g,0.676 g,1.61 g,0.0 g,1.39 g,0.00 g,0.00 g,0.28 g,1.11 g,0.00 g,0.00 g,10.98 g,3.331 g,4.441 g,2.429 g,277.00 mg,76.40 g
4261,"Cereals ready-to-eat, plain, QUAKER OAT LIFE, QUAKER",100 g,374,4.4g,0.8g,0,9.98 g,0,0,0,0,0,0,0,0,0,0,0,0,0,0,0,0,0,0,0,77.74 g,6.6 g,19.43 g,0,0,0,0,0,0,4.43 g,0.830 g,1.480 g,1.420 g,0.00 mg,4.30 g
2279,"Tofu, prepared with nigari, extra firm",100 g,83,5.3g,0.9g,0,9.98 g,0.447 g,0.790 g,1.176 g,0.033 g,1.899 g,0.423 g,0.249 g,0,0.490 g,0.804 g,0.510 g,0.122 g,0.482 g,0.626 g,0.586 g,0.453 g,0.135 g,0.405 g,0.503 g,1.18 g,1.0 g,0.71 g,0,0,0,0,0,0,5.26 g,0.919 g,1.318 g,2.657 g,0.00 mg,82.31 g
811,"Yogurt, lowfat, plain, Greek",100 g,73,1.9g,1.2g,10mg,9.95 g,0.225 g,0.158 g,0.416 g,0.048 g,1.028 g,0.127 g,0.130 g,0,0.286 g,0.529 g,0.471 g,0.155 g,0.286 g,0.622 g,0.325 g,0.216 g,0.030 g,0.265 g,0.434 g,3.94 g,0.0 g,3.56 g,0.00 g,0.64 g,0.00 g,2.92 g,0.00 g,0.00 g,1.92 g,1.230 g,0.486 g,0.076 g,10.00 mg,83.56 g
2449,"Egg rolls, heated, refrigerated, pork",100 g,222,7.2g,1.6g,14mg,9.94 g,0.380 g,0.420 g,0.620 g,0.150 g,2.270 g,0.390 g,0.210 g,0,0.300 g,0.610 g,0.410 g,0.160 g,0.390 g,0.740 g,0.400 g,0.310 g,0.110 g,0.210 g,0.340 g,29.50 g,2.1 g,5.32 g,0.70 g,0.00 g,1.18 g,0.00 g,1.84 g,1.60 g,7.17 g,1.588 g,2.350 g,2.464 g,14.00 mg,51.33 g
4904,"Cereals, dry, Country Bacon flavor, Instant Grits, QUAKER",100 g,340,1.7g,0.2g,0,9.93 g,0,0,0,0,0,0,0,0,0,0,0,0,0,0,0,0,0,0,0,75.39 g,5.1 g,0.38 g,0,0,0,0,0,0,1.73 g,0.240 g,0.400 g,0.870 g,0.00 mg,7.37 g
2535,"Veal, raw, separable fat, Australian",100 g,509,52g,24g,66mg,9.91 g,0,0,0,0,0,0,0,0,0,0,0,0,0,0,0,0,0,0,0,0.00 g,0.0 g,0.00 g,0.00 g,0.00 g,0.00 g,0.00 g,0.00 g,0.00 g,52.17 g,23.564 g,20.777 g,1.652 g,66.00 mg,38.10 g
181,"Barley, raw, pearled",100 g,352,1.2g,0.2g,0,9.91 g,0.386 g,0.496 g,0.619 g,0.219 g,2.588 g,0.359 g,0.223 g,0,0.362 g,0.673 g,0.369 g,0.190 g,0.556 g,1.178 g,0.418 g,0.337 g,0.165 g,0.284 g,0.486 g,77.72 g,15.6 g,0.80 g,0,0,0,0,0,0,1.16 g,0.244 g,0.149 g,0.560 g,0.00 mg,10.09 g
5003,"English muffins, toasted (includes granola), mixed-grain",100 g,255,1.9g,0.3g,0,9.90 g,0.384 g,0.479 g,0.597 g,0.216 g,2.903 g,0.400 g,0.220 g,0,0.393 g,0.706 g,0.317 g,0.171 g,0.488 g,0.924 g,0.472 g,0.303 g,0.128 g,0.305 g,0.458 g,50.30 g,3.0 g,0.88 g,0,0,0,0,0,0,1.90 g,0.250 g,0.899 g,0.608 g,0.00 mg,35.00 g
726,"Rolls, hard (includes kaiser)",100 g,293,4.3g,0.6g,0,9.90 g,0.331 g,0.360 g,0.449 g,0.216 g,3.314 g,0.350 g,0.214 g,0,0.383 g,0.693 g,0.242 g,0.176 g,0.489 g,1.105 g,0.480 g,0.285 g,0.117 g,0.284 g,0.432 g,52.70 g,2.3 g,1.77 g,0,0,0,0,0,0,4.30 g,0.606 g,1.133 g,1.719 g,0.00 mg,31.00 g
2269,"Cereals ready-to-eat, POST Bran Flakes",100 g,328,2.1g,0.4g,0,9.90 g,0,0,0,0,0,0,0,0,0,0,0,0,0,0,0,0,0,0,0,80.50 g,18.3 g,18.60 g,0,0,0,0,0,0,2.10 g,0.400 g,0.300 g,1.200 g,0.00 mg,3.40 g
288,"Bagels, multigrain",100 g,241,1.2g,0g,6mg,9.90 g,0,0,0,0,0,0,0,0,0,0,0,0,0,0,0,0,0,0,0,47.47 g,6.2 g,8.66 g,0,0,0,0,0,0,1.24 g,0.000 g,0.314 g,0.700 g,6.00 mg,39.40 g
5338,"Wheat flour, enriched, self-rising, all-purpose, white",100 g,354,1g,0.2g,0,9.89 g,0.317 g,0.399 g,0.416 g,0.210 g,3.330 g,0.356 g,0.220 g,0,0.342 g,0.680 g,0.219 g,0.175 g,0.498 g,1.146 g,0.494 g,0.269 g,0.121 g,0.298 g,0.397 g,74.22 g,2.7 g,0.22 g,0,0,0,0,0,0,0.97 g,0.154 g,0.086 g,0.410 g,0.00 mg,10.59 g
6526,"Cereals ready-to-eat, Crunchy Almond, OATMEAL CRISP, GENERAL MILLS",100 g,390,6.7g,1.1g,0,9.89 g,0,0,0,0,0,0,0,0,0,0,0,0,0,0,0,0,0,0,0,78.09 g,8.2 g,22.89 g,0,0,0,0,0,0,6.69 g,1.100 g,3.100 g,2.200 g,0.00 mg,2.90 g
144,"Corn, dried (Navajo)",100 g,386,5.2g,0.8g,0,9.88 g,0,0,0,0,0,0,0,0,0,0,0,0,0,0,0,0,0,0,0,74.93 g,0,5.38 g,0.99 g,0.00 g,1.00 g,0.00 g,0.00 g,3.38 g,5.22 g,0.820 g,1.483 g,1.900 g,0,8.10 g
1915,"Bologna, pork, turkey, chicken",100 g,298,26g,8g,80mg,9.88 g,0,0,0,0,0,0,0,0,0,0,0,0,0,0,0,0,0,0,0,5.65 g,0.0 g,0.00 g,0,0,0,0,0,0,26.18 g,7.990 g,10.555 g,4.672 g,80.00 mg,55.25 g
5296,"Snacks, COMBOS Snacks Cheddar Cheese Pretzel, M&M MARS",100 g,463,17g,9.7g,5mg,9.85 g,0,0,0,0,0,0,0,0,0,0,0,0,0,0,0,0,0,0,0,66.50 g,3.6 g,17.60 g,0,0,0,0,0,0,16.92 g,9.656 g,3.806 g,1.354 g,5.00 mg,1.67 g
1117,"Cornmeal, yellow (Navajo)",100 g,384,5.9g,1g,0,9.85 g,0.769 g,0.421 g,0.662 g,0.184 g,1.875 g,0.360 g,0.265 g,0,0.370 g,1.275 g,0.301 g,0.230 g,0.499 g,0.854 g,0.471 g,0.307 g,0.050 g,0.294 g,0.494 g,72.90 g,9.4 g,1.56 g,0.15 g,0.00 g,0.22 g,0.00 g,0.00 g,1.20 g,5.88 g,1.043 g,2.143 g,2.352 g,0,10.15 g
2199,"TACO BELL, BURRITO SUPREME with chicken",100 g,179,6.4g,2.4g,21mg,9.84 g,0.400 g,0.473 g,0.838 g,0.110 g,1.845 g,0.343 g,0.283 g,0,0.383 g,0.696 g,0.627 g,0.178 g,0.420 g,0.561 g,0.444 g,0.373 g,0.110 g,0.283 g,0.439 g,20.51 g,2.4 g,0,0.55 g,0,0.73 g,0.15 g,0.15 g,0.15 g,6.42 g,2.352 g,2.560 g,0.795 g,21.00 mg,61.00 g
3141,"Sauce, refrigerated, ready-to-serve, pesto",100 g,418,38g,7.1g,0,9.83 g,0,0,0,0,0,0,0,0,0,0,0,0,0,0,0,0,0,0,0,10.09 g,1.8 g,6.33 g,0.00 g,0.15 g,0.23 g,5.94 g,0.00 g,0.00 g,37.60 g,7.070 g,22.155 g,6.546 g,0,38.98 g
4038,"Oil, contains added sliced flaxseed, flaxseed",100 g,878,99g,9g,0,0.37 g,0,0,0,0,0,0,0,0,0,0,0,0,0,0,0,0,0,0,0,0.39 g,0,0,0,0,0,0,0,0,99.01 g,9.047 g,20.634 g,64.876 g,0.00 mg,0.16 g
8271,"Beef, braised, cooked, all grades, trimmed to 0"" fat, separable lean and fat, boneless, chuck eye Country-Style ribs",100 g,296,21g,9g,96mg,27.69 g,1.579 g,1.823 g,2.483 g,0.291 g,4.378 g,1.263 g,0.897 g,0.189 g,1.177 g,2.227 g,2.421 g,0.786 g,1.054 g,1.138 g,1.063 g,1.218 g,0.312 g,0.955 g,1.251 g,0.00 g,0.0 g,0.00 g,0,0,0,0,0,0,20.55 g,9.009 g,9.997 g,0.884 g,96.00 mg,51.91 g
2418,"Oil, sunflower, mid-oleic, industrial",100 g,884,100g,9g,0,0.00 g,0,0,0,0,0,0,0,0,0,0,0,0,0,0,0,0,0,0,0,0.00 g,0.0 g,0.00 g,0,0,0,0,0,0,100.00 g,9.009 g,57.334 g,28.962 g,0.00 mg,0.00 g
7715,"Beef, raw, choice, trimmed to 0"" fat, separable lean and fat, small end (ribs 10-12), eye, rib",100 g,274,22g,9g,68mg,17.51 g,1.056 g,1.107 g,1.600 g,0.196 g,2.631 g,0.955 g,0.600 g,0,0.787 g,1.384 g,1.457 g,0.448 g,0.684 g,0.773 g,0.670 g,0.765 g,0.196 g,0.588 g,0.852 g,0.00 g,0.0 g,0,0,0,0,0,0,0,22.07 g,9.000 g,9.580 g,0.770 g,68.00 mg,58.03 g
2924,"KEEBLER, Chocolate Chip Cookies, SOFT BATCH",100 g,477,22g,9g,0,3.60 g,0,0,0,0,0,0,0,0,0,0,0,0,0,0,0,0,0,0,0,66.20 g,1.7 g,36.90 g,0,0,0,0,0,0,22.10 g,9.000 g,4.700 g,6.800 g,0.00 mg,6.00 g
2980,"Candies, M&M MARS Pretzel Chocolate Candies",100 g,447,15g,9g,13mg,5.00 g,0,0,0,0,0,0,0,0,0,0,0,0,0,0,0,0,0,0,0,72.94 g,2.5 g,50.00 g,0,0,0,0,0,0,15.00 g,8.986 g,3.302 g,1.014 g,13.00 mg,4.84 g
691,"Oil, cold pressed, flaxseed",100 g,884,100g,9g,0,0.11 g,0,0,0,0,0,0,0,0,0,0,0,0,0,0,0,0,0,0,0,0.00 g,0.0 g,0.00 g,0,0,0,0,0,0,99.98 g,8.976 g,18.438 g,67.849 g,0.00 mg,0.12 g
6933,"Beef, raw, select, trimmed to 1/8"" fat, separable lean and fat, flat half, brisket",100 g,276,22g,9g,94mg,17.77 g,1.080 g,1.149 g,1.618 g,0.229 g,2.667 g,1.082 g,0.567 g,0.187 g,0.808 g,1.413 g,1.502 g,0.463 g,0.702 g,0.847 g,0.700 g,0.710 g,0.117 g,0.566 g,0.881 g,0.00 g,0.0 g,0.00 g,0,0,0,0,0,0,22.21 g,8.963 g,9.511 g,0.845 g,94.00 mg,59.34 g
7379,"Beef, raw, prime, trimmed to 1/8"" fat, separable lean and fat, tenderloin",100 g,274,22g,9g,70mg,18.15 g,1.095 g,1.147 g,1.658 g,0.203 g,2.727 g,0.990 g,0.622 g,0,0.816 g,1.435 g,1.510 g,0.465 g,0.709 g,0.802 g,0.694 g,0.793 g,0.203 g,0.610 g,0.883 g,0.00 g,0.0 g,0.00 g,0,0,0,0,0,0,21.83 g,8.960 g,9.260 g,0.870 g,70.00 mg,59.52 g
274,"Liver cheese, pork",100 g,304,26g,9g,174mg,15.20 g,0.930 g,0.828 g,1.350 g,0.328 g,1.834 g,0.935 g,0.393 g,0,0.631 g,1.331 g,1.178 g,0.342 g,0.716 g,0.716 g,0.690 g,0.651 g,0.206 g,0.466 g,0.806 g,2.10 g,0.0 g,0,0,0,0,0,0,0,25.60 g,8.960 g,12.260 g,3.420 g,174.00 mg,53.60 g
8044,"Beef, raw, all grades, trimmed to 1/8"" fat, separable lean and fat, flat half, brisket",100 g,277,22g,9g,92mg,17.94 g,1.170 g,1.245 g,1.753 g,0.248 g,2.890 g,1.172 g,0.614 g,0.202 g,0.876 g,1.531 g,1.627 g,0.501 g,0.760 g,0.918 g,0.758 g,0.769 g,0.127 g,0.613 g,0.955 g,0.00 g,0.0 g,0.00 g,0,0,0,0,0,0,22.18 g,8.951 g,9.498 g,0.844 g,92.00 mg,59.07 g
2253,"Fish oil, fully hydrogenated, menhaden",100 g,902,100g,96g,500mg,0.00 g,0,0,0,0,0,0,0,0,0,0,0,0,0,0,0,0,0,0,0,0.00 g,0.0 g,0,0,0,0,0,0,0,100.00 g,95.600 g,0.000 g,0.000 g,500.00 mg,0.00 g
2077,"Oil, fully hydrogenated, soy, industrial",100 g,884,100g,94g,0,0.00 g,0,0,0,0,0,0,0,0,0,0,0,0,0,0,0,0,0,0,0,0.00 g,0.0 g,0.00 g,0,0,0,0,0,0,100.00 g,93.966 g,1.341 g,0.383 g,0.00 mg,0.00 g
8782,"Oil, uses similar to 95 degree hard butter, confection fat, palm kernel (hydrogenated), industrial",100 g,884,100g,94g,0,0.00 g,0.000 g,0.000 g,0.000 g,0.000 g,0.000 g,0.000 g,0.000 g,0,0.000 g,0.000 g,0.000 g,0.000 g,0.000 g,0.000 g,0.000 g,0.000 g,0.000 g,0.000 g,0.000 g,0.00 g,0.0 g,0.00 g,0,0,0,0,0,0,100.00 g,93.701 g,0.257 g,0.000 g,0.00 mg,0.05 g
3727,"Oil, fully hydrogenated, cottonseed, industrial",100 g,884,100g,94g,0,0.00 g,0,0,0,0,0,0,0,0,0,0,0,0,0,0,0,0,0,0,0,0.00 g,0.0 g,0.00 g,0,0,0,0,0,0,100.00 g,93.608 g,1.529 g,0.587 g,0.00 mg,0.00 g
8020,"Oil, used for whipped toppings and coffee whiteners, coconut (hydrogenated), industrial",100 g,880,100g,94g,0,0.00 g,0.000 g,0.000 g,0.000 g,0.000 g,0.000 g,0.000 g,0.000 g,0,0.000 g,0.000 g,0.000 g,0.000 g,0.000 g,0.000 g,0.000 g,0.000 g,0.000 g,0.000 g,0.000 g,0.00 g,0.0 g,0.00 g,0,0,0,0,0,0,99.50 g,93.536 g,0.267 g,0.000 g,0.00 mg,0.07 g
7992,"Oil, intermediate grade product, confection fat, palm kernel (hydrogenated), industrial",100 g,884,100g,93g,0,0.00 g,0.000 g,0.000 g,0.000 g,0.000 g,0.000 g,0.000 g,0.000 g,0,0.000 g,0.000 g,0.000 g,0.000 g,0.000 g,0.000 g,0.000 g,0.000 g,0.000 g,0.000 g,0.000 g,0.00 g,0.0 g,0.00 g,0,0,0,0,0,0,100.00 g,92.614 g,1.271 g,0.037 g,0.00 mg,0.04 g
6889,"Shortening confectionery, coconut (hydrogenated) and or palm kernel (hydrogenated)",100 g,884,100g,91g,0,0.00 g,0.000 g,0.000 g,0.000 g,0.000 g,0.000 g,0.000 g,0.000 g,0,0.000 g,0.000 g,0.000 g,0.000 g,0.000 g,0.000 g,0.000 g,0.000 g,0.000 g,0.000 g,0.000 g,0.00 g,0.0 g,0.00 g,0,0,0,0,0,0,100.00 g,91.300 g,2.200 g,1.000 g,0.00 mg,0.00 g
278,"Oil, nutmeg butter",100 g,884,100g,90g,0,0.00 g,0.000 g,0.000 g,0.000 g,0.000 g,0.000 g,0.000 g,0.000 g,0,0.000 g,0.000 g,0.000 g,0.000 g,0.000 g,0.000 g,0.000 g,0.000 g,0.000 g,0.000 g,0.000 g,0.00 g,0.0 g,0.00 g,0,0,0,0,0,0,100.00 g,90.000 g,4.800 g,0.000 g,0.00 mg,0.00 g
949,"Brotwurst, link, beef, pork",100 g,323,28g,9.9g,63mg,14.30 g,0.930 g,0.950 g,1.290 g,0.160 g,2.110 g,1.030 g,0.440 g,0,0.610 g,1.080 g,1.140 g,0.370 g,0.540 g,0.740 g,0.590 g,0.600 g,0.130 g,0.440 g,0.680 g,2.98 g,0.0 g,2.98 g,0,0,0,0,0,0,27.80 g,9.930 g,13.340 g,2.830 g,63.00 mg,51.30 g
328,"Sugars, granulated",100 g,387,0g,0g,0,0.00 g,0,0,0,0,0,0,0,0,0,0,0,0,0,0,0,0,0,0,0,99.98 g,0.0 g,99.80 g,0.00 g,0.00 g,0.00 g,0.00 g,0.00 g,99.80 g,0.00 g,0.000 g,0.000 g,0.000 g,0.00 mg,0.02 g
435,"Sugar, turbinado",100 g,399,0g,0g,0,0.00 g,0,0,0,0,0,0,0,0,0,0,0,0,0,0,0,0,0,0,0,99.80 g,0,99.19 g,0.00 g,0.00 g,0.00 g,0.00 g,0.00 g,99.19 g,0.00 g,0,0,0,0,0.03 g
407,"Sugars, powdered",100 g,389,0g,0g,0,0.00 g,0,0,0,0,0,0,0,0,0,0,0,0,0,0,0,0,0,0,0,99.77 g,0.0 g,97.81 g,0.00 g,0.00 g,0.00 g,0.00 g,0.00 g,0,0.00 g,0.000 g,0.000 g,0.000 g,0.00 mg,0.23 g
2688,"Beverages, powder, Whiskey sour mix",100 g,383,0.1g,0g,0,0.60 g,0,0,0,0,0,0,0,0,0,0,0,0,0,0,0,0,0,0,0,97.30 g,0.0 g,97.30 g,0,0,0,0,0,0,0.10 g,0.019 g,0.006 g,0.037 g,0.00 mg,0.60 g
3313,"Beverages, powder, lemonade-flavor drink",100 g,380,1g,0.2g,0,0.00 g,0,0,0,0,0,0,0,0,0,0,0,0,0,0,0,0,0,0,0,97.90 g,0.0 g,97.15 g,22.73 g,0.00 g,2.26 g,0.00 g,0.00 g,72.16 g,1.01 g,0.183 g,0.129 g,0.531 g,0.00 mg,0.52 g
534,"Sugars, brown",100 g,380,0g,0g,0,0.12 g,0,0,0,0,0,0,0,0,0,0,0,0,0,0,0,0,0,0,0,98.09 g,0.0 g,97.02 g,1.11 g,0.00 g,1.35 g,0.00 g,0.00 g,94.56 g,0.00 g,0.000 g,0.000 g,0.000 g,0.00 mg,1.34 g
2326,"Strawberry-flavor beverage mix, powder",100 g,389,0.2g,0g,0,0.10 g,0,0,0,0,0,0,0,0,0,0,0,0,0,0,0,0,0,0,0,99.10 g,0.0 g,95.45 g,0,0,0,0,0,0,0.20 g,0.000 g,0.000 g,0.000 g,0.00 mg,0.40 g
5052,"Beverages, sweetened, lemon, decaffeinated, instant, tea",100 g,401,0.7g,0.1g,0,0.12 g,0,0,0,0,0,0,0,0,0,0,0,0,0,0,0,0,0,0,0,98.55 g,0.0 g,95.29 g,0,0,0,0,0,0,0.73 g,0.091 g,0.027 g,0.209 g,0.00 mg,0.13 g
4688,"Beverages, powder, sweetened, lemon, instant, tea",100 g,401,0.7g,0.1g,0,0.12 g,0,0,0,0,0,0,0,0,0,0,0,0,0,0,0,0,0,0,0,98.55 g,0.7 g,95.29 g,0,0,0,0,0,0,0.73 g,0.097 g,0.033 g,0.218 g,0.00 mg,0.13 g
942,"Beverages, powder, Lemonade",100 g,376,1.1g,0.2g,0,0.00 g,0,0,0,0,0,0,0,0,0,0,0,0,0,0,0,0,0,0,0,97.57 g,0.4 g,94.70 g,17.50 g,0.00 g,2.75 g,0.00 g,0.00 g,74.45 g,1.05 g,0.151 g,0.111 g,0.457 g,0.00 mg,1.43 g
1382,"Puddings, instant, dry mix, vanilla",100 g,377,0.6g,0.4g,0,0.00 g,0,0,0,0,0,0,0,0,0,0,0,0,0,0,0,0,0,0,0,92.90 g,0.0 g,92.90 g,0,0,0,0,0,0,0.60 g,0.432 g,0.120 g,0.010 g,0.00 mg,2.60 g
2976,"Sweeteners, powder, dry, fructose, tabletop",100 g,368,0g,0g,0,0.00 g,0,0,0,0,0,0,0,0,0,0,0,0,0,0,0,0,0,0,0,100.00 g,0.0 g,92.70 g,0,0,0,0,0,0,0.00 g,0.000 g,0.000 g,0.000 g,0.00 mg,0.00 g
5376,"Beverages, powder, breakfast type, orange-flavor drink",100 g,386,0g,0g,0,0.00 g,0,0,0,0,0,0,0,0,0,0,0,0,0,0,0,0,0,0,0,98.94 g,0.4 g,92.31 g,0,0,0,0,0,0,0.00 g,0.000 g,0.000 g,0.000 g,0.00 mg,0.14 g
5010,"Lemonade, prepared with water, white, frozen concentrate",100 g,40,0g,0g,0,0.07 g,0,0,0,0,0,0,0,0,0,0,0,0,0,0,0,0,0,0,0,10.42 g,0.0 g,9.98 g,0,0,0,0,0,0,0.04 g,0.006 g,0.002 g,0.013 g,0.00 mg,89.35 g
7349,"Pineapple juice, with added ascorbic acid, unsweetened, canned or bottled",100 g,53,0.1g,0g,0,0.36 g,0,0,0,0,0,0,0,0,0,0,0,0,0,0,0,0,0,0,0,12.87 g,0.2 g,9.98 g,3.81 g,0.00 g,4.65 g,0.00 g,0.00 g,1.53 g,0.12 g,0.008 g,0.014 g,0.042 g,0.00 mg,86.37 g
7894,"Pineapple juice, C and E, with added vitamins A, unsweetened, not from concentrate, canned",100 g,50,0.1g,0g,0,0.36 g,0,0,0,0,0,0,0,0,0,0,0,0,0,0,0,0,0,0,0,12.18 g,0.2 g,9.98 g,3.81 g,0.00 g,4.65 g,0.00 g,0.00 g,1.53 g,0.14 g,0.000 g,0,0,0.00 mg,87.06 g
7194,"Pineapple juice, without added ascorbic acid, unsweetened, canned or bottled",100 g,53,0.1g,0g,0,0.36 g,0,0,0,0,0,0,0,0,0,0,0,0,0,0,0,0,0,0,0,12.87 g,0.2 g,9.98 g,3.81 g,0.00 g,4.65 g,0.00 g,0.00 g,1.53 g,0.12 g,0.008 g,0.014 g,0.042 g,0.00 mg,86.37 g
425,"Blueberries, raw",100 g,57,0.3g,0g,0,0.74 g,0.031 g,0.037 g,0.057 g,0.008 g,0.091 g,0.031 g,0.011 g,0,0.023 g,0.044 g,0.013 g,0.012 g,0.026 g,0.028 g,0.022 g,0.020 g,0.003 g,0.009 g,0.031 g,14.49 g,2.4 g,9.96 g,4.97 g,0.00 g,4.88 g,0.00 g,0.00 g,0.11 g,0.33 g,0.028 g,0.047 g,0.146 g,0.00 mg,84.21 g
7399,"Juice, with added ascorbic acid and calcium, grape and pear blend, apple",100 g,52,0.1g,0g,0,0.17 g,0,0,0,0,0,0,0,0,0,0,0,0,0,0,0,0,0,0,0,12.96 g,0.2 g,9.95 g,5.89 g,0.00 g,3.50 g,0.00 g,0.00 g,0.55 g,0.12 g,0.021 g,0.005 g,0.040 g,0.00 mg,86.44 g
4867,"Cheese, fat-free, cheddar or American, pasteurized process",100 g,148,0.8g,0.5g,11mg,22.50 g,0,0,0,0,0,0,0,0,0,0,0,0,0,0,0,0,0,0,0,13.40 g,0.0 g,9.95 g,0,0,0,0,0,0,0.80 g,0.504 g,0.229 g,0.025 g,11.00 mg,56.90 g
5157,"Snacks, KELLOGG'S RICE KRISPIES TREATS Squares, KELLOGG",100 g,414,9g,1.4g,0,3.40 g,0,0,0,0,0,0,0,0,0,0,0,0,0,0,0,0,0,0,0,80.50 g,0.0 g,19.36 g,0,0,0,0,0,0,9.00 g,1.400 g,2.500 g,5.100 g,0.00 mg,5.90 g
7028,"Toaster Pastries, frosted (include apples, blueberry, cherry, strawberry), fruit",100 g,385,9g,3.1g,0,4.01 g,0.123 g,0.128 g,0.294 g,0.095 g,1.425 g,0.152 g,0.066 g,0.000 g,0.133 g,0.275 g,0.143 g,0.071 g,0.166 g,0.323 g,0.228 g,0.100 g,0.066 g,0.090 g,0.152 g,71.83 g,1.8 g,31.00 g,3.88 g,0.00 g,14.90 g,0.26 g,3.07 g,8.88 g,9.02 g,3.091 g,2.186 g,3.360 g,0.00 mg,14.04 g
2438,"Restaurant, hash browns, family style",100 g,197,9g,1.7g,0,2.49 g,0,0,0,0,0,0,0,0,0,0,0,0,0,0,0,0,0,0,0,26.59 g,2.7 g,1.38 g,0.51 g,0.00 g,0.58 g,0.00 g,0.00 g,0.30 g,8.99 g,1.689 g,2.035 g,5.029 g,0,59.85 g
4279,"DOMINO'S 14"" Cheese Pizza, Classic Hand-Tossed Crust",100 g,257,9g,4.1g,17mg,10.80 g,0,0,0,0,0,0,0,0,0,0,0,0,0,0,0,0,0,0,0,33.24 g,2.2 g,4.02 g,1.07 g,0.12 g,1.00 g,0.50 g,0.93 g,0.40 g,8.97 g,4.110 g,2.165 g,1.833 g,17.00 mg,44.87 g
7541,"Beef, braised, cooked, choice, trimmed to 0"" fat, separable lean only, steak, bottom round, round",100 g,223,9g,3.2g,95mg,33.08 g,2.011 g,2.139 g,3.013 g,0.427 g,4.966 g,2.014 g,1.056 g,0.348 g,1.505 g,2.631 g,2.796 g,0.861 g,1.307 g,1.577 g,1.303 g,1.321 g,0.217 g,1.054 g,1.641 g,0.00 g,0.0 g,0.00 g,0,0,0,0,0,0,9.03 g,3.152 g,3.807 g,0.337 g,95.00 mg,57.36 g
6728,"Chicken, roasted, cooked, meat and skin, leg, broilers or fryers",100 g,184,9g,2.4g,127mg,24.03 g,1.441 g,1.657 g,2.331 g,0.287 g,3.868 g,1.198 g,0.712 g,0,1.149 g,2.000 g,2.215 g,0.678 g,0.955 g,1.012 g,0.984 g,1.114 g,0.270 g,0.881 g,1.166 g,0.00 g,0.0 g,0.00 g,0,0,0,0,0,0,8.99 g,2.446 g,3.564 g,1.855 g,127.00 mg,66.74 g
6881,"Pork, raw, separable lean and fat, bone-in, sirloin (chops or roasts), loin, fresh",100 g,168,9g,1.9g,70mg,20.48 g,1.202 g,1.363 g,2.003 g,0.236 g,3.269 g,0.923 g,0.885 g,0.053 g,1.008 g,1.745 g,1.899 g,0.564 g,0.861 g,0.828 g,0.885 g,0.919 g,0.216 g,0.779 g,1.070 g,0.00 g,0.0 g,0.00 g,0,0,0,0,0,0,8.96 g,1.851 g,2.157 g,0.754 g,70.00 mg,70.29 g
2249,"Veal, raw, separable lean and fat, rib",100 g,162,9g,3.7g,82mg,18.86 g,1.121 g,1.109 g,1.627 g,0.213 g,2.983 g,0.969 g,0.684 g,0,0.929 g,1.501 g,1.554 g,0.440 g,0.761 g,0.787 g,0.707 g,0.824 g,0.191 g,0.601 g,1.042 g,0.00 g,0.0 g,0,0,0,0,0,0,0,9.01 g,3.710 g,3.430 g,0.630 g,82.00 mg,71.15 g
1934,Vegetarian meatloaf or patties,100 g,197,9g,1.4g,0,21.00 g,0,0,0,0,0,0,0,0,0,0,0,0,0,0,0,0,0,0,0,8.00 g,4.6 g,1.20 g,0,0,0,0,0,0,9.00 g,1.425 g,2.188 g,4.666 g,0.00 mg,58.00 g
4758,"Soybeans, with salt, boiled, cooked, mature seeds",100 g,172,9g,1.3g,0,18.21 g,0.784 g,1.291 g,2.093 g,0.268 g,3.224 g,0.770 g,0.449 g,0,0.807 g,1.355 g,1.108 g,0.224 g,0.869 g,0.974 g,0.965 g,0.723 g,0.242 g,0.630 g,0.831 g,8.36 g,6.0 g,2.36 g,0,0,0,0,0,0,8.97 g,1.297 g,1.981 g,5.064 g,0.00 mg,62.55 g
6904,"Chicken, roasted, cooked, with added solution, meat and skin, drumstick, dark meat",100 g,180,9g,2.7g,128mg,24.72 g,1.332 g,1.552 g,2.186 g,0.260 g,3.642 g,1.019 g,0.663 g,0,1.062 g,1.894 g,2.097 g,0.636 g,0.888 g,0.897 g,0.930 g,1.052 g,0.251 g,0.836 g,1.081 g,0.05 g,0.0 g,0.00 g,0,0,0,0,0,0,9.00 g,2.656 g,4.058 g,2.177 g,128.00 mg,65.97 g
6678,"Chicken, stewed, cooked, meat only, dark meat, broilers or fryers",100 g,192,9g,2.5g,88mg,25.97 g,1.417 g,1.566 g,2.314 g,0.332 g,3.889 g,1.276 g,0.806 g,0,1.371 g,1.949 g,2.206 g,0.719 g,1.030 g,1.068 g,0.893 g,1.097 g,0.303 g,0.877 g,1.288 g,0.00 g,0.0 g,0.00 g,0,0,0,0,0,0,8.98 g,2.450 g,3.260 g,2.090 g,88.00 mg,65.83 g
791,"Fish, raw, Atlantic, herring",100 g,158,9g,2g,60mg,17.96 g,1.086 g,1.075 g,1.839 g,0.193 g,2.681 g,0.862 g,0.529 g,0,0.828 g,1.460 g,1.650 g,0.532 g,0.701 g,0.635 g,0.733 g,0.787 g,0.201 g,0.606 g,0.925 g,0.00 g,0.0 g,0.00 g,0,0,0,0,0,0,9.04 g,2.040 g,3.736 g,2.133 g,60.00 mg,72.05 g
3932,"Soybeans, without salt, boiled, mature cooked",100 g,172,9g,1.3g,0,18.21 g,0.784 g,1.291 g,2.093 g,0.268 g,3.224 g,0.770 g,0.449 g,0,0.807 g,1.355 g,1.108 g,0.224 g,0.869 g,0.974 g,0.965 g,0.723 g,0.242 g,0.630 g,0.831 g,8.36 g,6.0 g,3.00 g,0,0,0,0,0,0,8.97 g,1.297 g,1.981 g,5.064 g,0.00 mg,62.55 g
8633,"Beef, broiled, cooked, all grades, trimmed to 1/8"" fat, separable lean and fat, top round steak, round",100 g,204,9g,3.4g,90mg,30.67 g,1.864 g,1.983 g,2.793 g,0.396 g,4.604 g,1.867 g,0.979 g,0.321 g,1.395 g,2.439 g,2.592 g,0.799 g,1.211 g,1.462 g,1.208 g,1.225 g,0.202 g,0.977 g,1.521 g,0.00 g,0.0 g,0.00 g,0,0,0,0,0,0,9.00 g,3.415 g,3.837 g,0.367 g,90.00 mg,59.59 g
7585,"Lamb, broiled, cooked, choice, trimmed to 1/4"" fat, separable lean only, arm, shoulder, domestic",100 g,200,9g,3.4g,92mg,27.71 g,1.666 g,1.646 g,2.439 g,0.331 g,4.021 g,1.353 g,0.878 g,0,1.337 g,2.155 g,2.447 g,0.711 g,1.128 g,1.162 g,1.030 g,1.186 g,0.324 g,0.931 g,1.495 g,0.00 g,0.0 g,0,0,0,0,0,0,0,9.02 g,3.420 g,3.650 g,0.800 g,92.00 mg,62.28 g
7019,"Beef, fast fried, cooked, separable lean only, tenderloin, imported, New Zealand",100 g,200,9g,3.6g,81mg,29.37 g,1.529 g,1.932 g,0,0,4.096 g,1.600 g,1.058 g,0,1.221 g,2.216 g,2.326 g,0.966 g,1.142 g,0.943 g,1.033 g,1.064 g,0.308 g,0.988 g,1.297 g,0.27 g,0.0 g,0.00 g,0,0,0,0,0,0,9.01 g,3.596 g,2.661 g,0.370 g,81.00 mg,59.69 g
8061,"Beef, raw, select, trimmed to 0"" fat, separable lean only, boneless, short ribs, chuck",100 g,161,9g,3.9g,80mg,20.14 g,1.164 g,1.355 g,1.854 g,0.214 g,3.280 g,0.897 g,0.664 g,0.102 g,0.882 g,1.667 g,1.812 g,0.587 g,0.785 g,0.829 g,0.791 g,0.912 g,0.231 g,0.714 g,0.932 g,0.00 g,0.0 g,0.00 g,0,0,0,0,0,0,8.99 g,3.940 g,4.590 g,0.410 g,80.00 mg,70.24 g
2455,"Turkey, raw, meat and skin, dark meat",100 g,161,9g,2.4g,87mg,19.81 g,1.102 g,1.136 g,1.539 g,0.183 g,2.605 g,1.046 g,0.513 g,0.158 g,0.546 g,1.321 g,1.564 g,0.496 g,0.622 g,1.160 g,0.769 g,0.688 g,0.198 g,0.560 g,0.623 g,0.15 g,0.0 g,0.10 g,0.00 g,0.00 g,0.00 g,0.00 g,0.00 g,0.10 g,8.97 g,2.413 g,3.091 g,2.443 g,87.00 mg,71.10 g
1508,"KEEBLER, Original, Saltines, ZESTA",100 g,418,9g,1.3g,0,8.20 g,0,0,0,0,0,0,0,0,0,0,0,0,0,0,0,0,0,0,0,76.10 g,2.5 g,1.60 g,0,0,0,0,0,0,9.00 g,1.300 g,2.200 g,5.500 g,0.00 mg,2.50 g
8271,"Beef, braised, cooked, all grades, trimmed to 0"" fat, separable lean and fat, boneless, chuck eye Country-Style ribs",100 g,296,21g,9g,96mg,27.69 g,1.579 g,1.823 g,2.483 g,0.291 g,4.378 g,1.263 g,0.897 g,0.189 g,1.177 g,2.227 g,2.421 g,0.786 g,1.054 g,1.138 g,1.063 g,1.218 g,0.312 g,0.955 g,1.251 g,0.00 g,0.0 g,0.00 g,0,0,0,0,0,0,20.55 g,9.009 g,9.997 g,0.884 g,96.00 mg,51.91 g
5599,"Infant Formula, powder, Infant, Premium, ENFAMIL, MEAD JOHNSON",100 g,510,27g,11g,0,10.80 g,0,0,0,0,0,0,0,0,0,0,0,0,0,0,0,0,0,0,0,57.00 g,0.0 g,57.00 g,0,0,0,0,0,0,27.00 g,11.161 g,9.987 g,5.213 g,0.00 mg,2.40 g
6399,"Infant Formula, powder, Infant, Premium LIPIL, ENFAMIL, MEAD JOHNSON",100 g,510,27g,11g,0,10.80 g,0,0,0,0,0,0,0,0,0,0,0,0,0,0,0,0,0,0,0,57.00 g,0.0 g,57.00 g,0,0,0,0,0,0,27.00 g,11.161 g,9.987 g,5.213 g,0.00 mg,2.40 g
3181,"Fast Foods, with egg and sausage, biscuit",100 g,312,21g,6.4g,161mg,11.13 g,0.508 g,0.558 g,0.934 g,0.193 g,1.914 g,0.463 g,0.268 g,0,0.435 g,0.776 g,0.608 g,0.220 g,0.460 g,0.628 g,0.591 g,0.446 g,0.135 g,0.318 g,0.533 g,21.05 g,0.2 g,0.95 g,0.00 g,0.00 g,0.17 g,0.35 g,0.18 g,0.25 g,20.77 g,6.449 g,9.985 g,2.967 g,161.00 mg,44.48 g
831,"Candies, semisweet chocolate",100 g,480,30g,18g,0,4.20 g,0.196 g,0.240 g,0.422 g,0.052 g,0.637 g,0.190 g,0.073 g,0,0.164 g,0.257 g,0.212 g,0.044 g,0.204 g,0.181 g,0.183 g,0.168 g,0.063 g,0.159 g,0.254 g,63.90 g,5.9 g,54.50 g,0,0,0,0,0,0,30.00 g,17.750 g,9.966 g,0.966 g,0.00 mg,0.70 g
2041,"Egg, pasteurized, frozen, raw, yolk",100 g,296,26g,8.6g,991mg,15.53 g,0.811 g,1.091 g,1.503 g,0.274 g,1.942 g,0.476 g,0.399 g,0,0.780 g,1.351 g,1.182 g,0.375 g,0.689 g,0.615 g,1.301 g,0.706 g,0.223 g,0.682 g,0.908 g,0.81 g,0.0 g,0.16 g,0.00 g,0.00 g,0.16 g,0.00 g,0.00 g,0.00 g,25.60 g,8.615 g,9.956 g,4.827 g,991.00 mg,56.44 g
8319,"Beef, braised, cooked, choice, trimmed to 0"" fat, separable lean and fat, boneless, under blade pot roast, chuck",100 g,306,21g,8.5g,100mg,26.39 g,1.627 g,1.705 g,2.465 g,0.302 g,4.053 g,1.472 g,0.924 g,0.180 g,1.213 g,2.132 g,2.245 g,0.691 g,1.053 g,1.191 g,1.032 g,1.178 g,0.302 g,0.907 g,1.312 g,0.00 g,0.0 g,0.00 g,0,0,0,0,0,0,21.48 g,8.532 g,9.954 g,0.856 g,100.00 mg,51.93 g
6315,"Cake, unenriched, other than all butter, commercially prepared, pound",100 g,389,18g,4.6g,58mg,5.20 g,0.216 g,0.247 g,0.367 g,0.111 g,1.194 g,0.170 g,0.115 g,0,0.244 g,0.403 g,0.283 g,0.125 g,0.259 g,0.402 g,0.323 g,0.196 g,0.069 g,0.184 g,0.276 g,52.50 g,1.0 g,0,0,0,0,0,0,0,17.90 g,4.647 g,9.935 g,2.251 g,58.00 mg,23.10 g
6499,"Cake, enriched, other than all butter, commercially prepared, pound",100 g,389,18g,4.6g,58mg,5.20 g,0.216 g,0.247 g,0.367 g,0.111 g,1.194 g,0.170 g,0.115 g,0,0.244 g,0.403 g,0.283 g,0.125 g,0.259 g,0.402 g,0.323 g,0.196 g,0.069 g,0.184 g,0.276 g,52.50 g,1.0 g,0,0,0,0,0,0,0,17.90 g,4.647 g,9.935 g,2.251 g,58.00 mg,23.10 g
1870,"Luncheon sausage, pork and beef",100 g,260,21g,7.6g,64mg,15.38 g,0.984 g,1.130 g,1.602 g,0.281 g,2.161 g,1.203 g,0.495 g,0,0.785 g,1.280 g,1.447 g,0.352 g,0.623 g,0.891 g,0.645 g,0.664 g,0.162 g,0.613 g,0.871 g,1.58 g,0.0 g,0,0,0,0,0,0,0,20.90 g,7.620 g,9.930 g,2.050 g,64.00 mg,58.62 g
8630,"Lamb, roasted, cooked, trimmed to 1/8"" fat, separable lean and fat, rib, frozen, imported, New Zealand",100 g,317,26g,13g,99mg,19.86 g,1.194 g,1.180 g,1.748 g,0.237 g,2.882 g,0.970 g,0.629 g,0,0.958 g,1.545 g,1.754 g,0.510 g,0.808 g,0.833 g,0.738 g,0.850 g,0.232 g,0.667 g,1.072 g,0.00 g,0.0 g,0,0,0,0,0,0,0,25.74 g,12.820 g,9.930 g,1.190 g,99.00 mg,52.47 g
3884,"Candies, made with butter, semisweet chocolate",100 g,477,30g,18g,18mg,4.20 g,0.196 g,0.240 g,0.422 g,0.052 g,0.637 g,0.190 g,0.073 g,0,0.164 g,0.257 g,0.212 g,0.044 g,0.204 g,0.181 g,0.183 g,0.168 g,0.063 g,0.159 g,0.254 g,63.40 g,5.9 g,0,0,0,0,0,0,0,29.70 g,17.530 g,9.930 g,0.950 g,18.00 mg,0.70 g
2171,"Frankfurter, unheated, meat and poultry",100 g,277,24g,7.6g,78mg,9.72 g,0.612 g,0.631 g,0.861 g,0.129 g,1.427 g,0.656 g,0.281 g,0.228 g,0.400 g,0.736 g,0.718 g,0.235 g,0.359 g,0.692 g,0.405 g,0.350 g,0.106 g,0.285 g,0.455 g,5.02 g,0.0 g,2.75 g,0.00 g,0.00 g,2.45 g,0.00 g,0.30 g,0.00 g,24.18 g,7.583 g,9.929 g,5.386 g,78.00 mg,57.58 g
8700,"Beef, raw, choice, trimmed to 1/8"" fat, separable lean and fat, lip-on, bone-in, rib eye steak/roast",100 g,260,21g,9.3g,70mg,17.92 g,1.108 g,1.210 g,1.731 g,0.180 g,2.915 g,0.884 g,0.660 g,0.122 g,0.833 g,1.531 g,1.695 g,0.483 g,0.715 g,0.799 g,0.732 g,0.840 g,0.201 g,0.663 g,0.895 g,0.00 g,0.0 g,0.00 g,0,0,0,0,0,0,20.96 g,9.265 g,9.929 g,0.921 g,70.00 mg,60.35 g
7754,"Beef, roasted, cooked, select, trimmed to 1/8"" fat, separable lean and fat, roast, tenderloin",100 g,316,24g,9.4g,85mg,23.90 g,1.442 g,1.511 g,2.184 g,0.268 g,3.591 g,1.304 g,0.818 g,0,1.075 g,1.889 g,1.989 g,0.612 g,0.933 g,1.056 g,0.914 g,1.044 g,0.268 g,0.803 g,1.163 g,0.00 g,0.0 g,0.00 g,0,0,0,0,0,0,23.70 g,9.380 g,9.920 g,0.960 g,85.00 mg,48.86 g
3464,"Snacks, baked, restructured, white, potato chips",100 g,469,18g,2.6g,0,5.00 g,0,0,0,0,0,0,0,0,0,0,0,0,0,0,0,0,0,0,0,71.40 g,4.8 g,5.01 g,0,0,0,0,0,0,18.20 g,2.631 g,9.910 g,4.234 g,0.00 mg,1.40 g
245,"Spices, fennel seed",100 g,345,15g,0.5g,0,15.80 g,0.789 g,0.680 g,1.833 g,0.222 g,2.956 g,1.107 g,0.331 g,0,0.695 g,0.996 g,0.758 g,0.301 g,0.647 g,0.900 g,0.900 g,0.602 g,0.253 g,0.410 g,0.915 g,52.29 g,39.8 g,0,0,0,0,0,0,0,14.87 g,0.480 g,9.910 g,1.690 g,0.00 mg,8.81 g
4507,"MURRAY, Chocolate Chip & Pecan Cookies, SUGAR FREE",100 g,497,31g,9.6g,7mg,6.00 g,0,0,0,0,0,0,0,0,0,0,0,0,0,0,0,0,0,0,0,58.60 g,5.1 g,1.50 g,0,0,0,0,0,0,31.40 g,9.600 g,9.900 g,9.800 g,7.00 mg,3.20 g
6964,"Infant formula, with ARA and DHA, powder, with iron, LIPIL, ENFAMIL, MEAD JOHNSON",100 g,511,27g,11g,17mg,10.80 g,0,0,0,0,0,0,0,0,0,0,0,0,0,0,0,0,0,0,0,56.20 g,0.0 g,56.00 g,0,0,0,56.00 g,0,0,27.00 g,11.221 g,9.899 g,5.240 g,17.00 mg,3.30 g
1716,"Snacks, rice-based, oriental mix",100 g,506,26g,3.8g,0,17.31 g,0.745 g,2.103 g,2.161 g,0.254 g,4.109 g,1.081 g,0.473 g,0,0.675 g,1.240 g,0.681 g,0.247 g,0.972 g,0.945 g,0.929 g,0.640 g,0.192 g,0.743 g,0.797 g,51.62 g,13.2 g,3.00 g,0,0,0,0,0,0,25.58 g,3.785 g,9.860 g,10.643 g,0.00 mg,2.55 g
1240,"Water, generic, bottled",100 g,0,0g,0g,0,0.00 g,0,0,0,0,0,0,0,0,0,0,0,0,0,0,0,0,0,0,0,0.00 g,0.0 g,0.00 g,0,0,0,0,0,0,0.00 g,0.000 g,0.000 g,0.000 g,0.00 mg,99.98 g
4668,"Beverages, DANNON, non-carbonated, bottled, water",100 g,0,0g,0g,0,0.00 g,0,0,0,0,0,0,0,0,0,0,0,0,0,0,0,0,0,0,0,0.00 g,0,0,0,0,0,0,0,0,0.00 g,0,0,0,0,99.98 g
6768,"Beverages, DANNON Fluoride To Go, non-carbonated, bottled, water",100 g,0,0g,0g,0,0.00 g,0,0,0,0,0,0,0,0,0,0,0,0,0,0,0,0,0,0,0,0.03 g,0,0,0,0,0,0,0,0,0.00 g,0,0,0,0,99.97 g
3460,"Beverages, EVIAN, non-carbonated, bottled, water",100 g,0,0g,0g,0,0.00 g,0,0,0,0,0,0,0,0,0,0,0,0,0,0,0,0,0,0,0,0.00 g,0,0,0,0,0,0,0,0,0.00 g,0,0,0,0,99.97 g
6091,"Beverages, AQUAFINA, PEPSI, non-carbonated, bottled, water",100 g,0,0g,0g,0,0.00 g,0,0,0,0,0,0,0,0,0,0,0,0,0,0,0,0,0,0,0,0.00 g,0,0,0,0,0,0,0,0,0.00 g,0,0,0,0,99.97 g
7403,"Beverages, non-carbonated, bottled, water, DASANI, The COCA-COLA company",100 g,0,0g,0g,0,0.00 g,0,0,0,0,0,0,0,0,0,0,0,0,0,0,0,0,0,0,0,0.00 g,0,0,0,0,0,0,0,0,0.00 g,0,0,0,0,99.96 g
7721,"Beverages,,Gerolsteiner naturally sparkling mineral water, GEROLSTEINER BRUNNEN GmbH & Co. KG",100 g,0,0g,0g,0,0.00 g,0,0,0,0,0,0,0,0,0,0,0,0,0,0,0,0,0,0,0,0.00 g,0.0 g,0.00 g,0,0,0,0,0,0,0.00 g,0.000 g,0.000 g,0.000 g,0.00 mg,99.95 g
8558,"Beverages, mineral bottled water, naturally sparkling, GEROLSTEINER BRUNNEN GmbH & Co. KG (Gerolsteiner)",100 g,0,0g,0g,0,0.00 g,0,0,0,0,0,0,0,0,0,0,0,0,0,0,0,0,0,0,0,0.00 g,0.0 g,0.00 g,0,0,0,0,0,0,0.00 g,0.000 g,0.000 g,0.000 g,0.00 mg,99.95 g
2237,"Beverages, regular, brewed, green, tea",100 g,1,0g,0g,0,0.22 g,0,0,0,0,0,0,0,0,0,0,0,0,0,0,0,0,0,0,0,0.00 g,0.0 g,0.00 g,0.00 g,0.00 g,0.00 g,0.00 g,0.00 g,0.00 g,0.00 g,0.000 g,0.000 g,0.000 g,0.00 mg,99.93 g
2828,"Beverages, decaffeinated, brewed, green, tea",100 g,0,0g,0g,0,0.00 g,0,0,0,0,0,0,0,0,0,0,0,0,0,0,0,0,0,0,0,0.00 g,0.0 g,0.00 g,0,0,0,0,0,0,0.00 g,0.000 g,0.000 g,0.000 g,0.00 mg,99.93 g
888,"Beverages, well, tap, water",100 g,0,0g,0g,0,0.00 g,0,0,0,0,0,0,0,0,0,0,0,0,0,0,0,0,0,0,0,0.00 g,0.0 g,0,0,0,0,0,0,0,0.00 g,0,0,0,0,99.90 g
1753,"Beverages, club soda, carbonated",100 g,0,0g,0g,0,0.00 g,0.000 g,0.000 g,0.000 g,0.000 g,0.000 g,0.000 g,0.000 g,0,0.000 g,0.000 g,0.000 g,0.000 g,0.000 g,0.000 g,0,0.000 g,0.000 g,0.000 g,0.000 g,0.00 g,0.0 g,0.00 g,0,0,0,0,0,0,0.00 g,0.000 g,0.000 g,0.000 g,0.00 mg,99.90 g
1726,"Beverages, municipal, tap, water",100 g,0,0g,0g,0,0.00 g,0,0,0,0,0,0,0,0,0,0,0,0,0,0,0,0,0,0,0,0.00 g,0.0 g,0.00 g,0,0,0,0,0,0,0.00 g,0.000 g,0.000 g,0.000 g,0.00 mg,99.90 g
1780,"Beverages, drinking, tap, water",100 g,0,0g,0g,0,0.00 g,0,0,0,0,0,0,0,0,0,0,0,0,0,0,0,0,0,0,0,0.00 g,0.0 g,0.00 g,0,0,0,0,0,0,0.00 g,0.000 g,0.000 g,0.000 g,0.00 mg,99.90 g
4899,"Babyfood, without added fluoride., GERBER, bottled, water",100 g,0,0g,0g,0,0.00 g,0,0,0,0,0,0,0,0,0,0,0,0,0,0,0,0,0,0,0,0.00 g,0.0 g,0.00 g,0,0,0,0,0,0,0.00 g,0.000 g,0.000 g,0.000 g,0.00 mg,99.90 g
1488,"Beverages, PERRIER, bottled, water",100 g,0,0g,0g,0,0.00 g,0.000 g,0.000 g,0.000 g,0.000 g,0.000 g,0.000 g,0.000 g,0,0.000 g,0.000 g,0.000 g,0.000 g,0.000 g,0.000 g,0.000 g,0.000 g,0.000 g,0.000 g,0.000 g,0.00 g,0.0 g,0,0,0,0,0,0,0,0.00 g,0.000 g,0.000 g,0.000 g,0.00 mg,99.90 g
5713,"Beverages, assorted flavors, calorie-free, Powerade Zero Ion4",100 g,0,0g,0g,0,0.00 g,0,0,0,0,0,0,0,0,0,0,0,0,0,0,0,0,0,0,0,0.00 g,0.0 g,0.00 g,0,0,0,0,0,0,0.00 g,0.000 g,0.000 g,0.000 g,0.00 mg,99.89 g
4576,"Beverages, unsweetened, ready to drink, green, tea",100 g,0,0g,0g,0,0.00 g,0,0,0,0,0,0,0,0,0,0,0,0,0,0,0,0,0,0,0,0.00 g,0.0 g,0.00 g,0,0,0,0,0,0,0.00 g,0.000 g,0.000 g,0.000 g,0.00 mg,99.88 g
7795,"Water, sweetened with low calorie sweetener, natural fruit flavors, bottles, non-carbonated",100 g,1,0g,0g,0,0.00 g,0,0,0,0,0,0,0,0,0,0,0,0,0,0,0,0,0,0,0,0.13 g,0.0 g,0.00 g,0,0,0,0,0,0,0.00 g,0.000 g,0.000 g,0.000 g,0.00 mg,99.85 g
1997,"Beverages, brewed, Oolong, tea",100 g,1,0g,0g,0,0.00 g,0,0,0,0,0,0,0,0,0,0,0,0,0,0,0,0,0,0,0,0.15 g,0.0 g,0.00 g,0.00 g,0.00 g,0.00 g,0.00 g,0.00 g,0.00 g,0.00 g,0.000 g,0.000 g,0.000 g,0.00 mg,99.84 g
